产品编号,图片序号,图片类型,CDN_URL,文件名,是否主图,品牌标签,检测方法,置信度,处理时间
802419 RENE WS04SH,1,主图,https://trivesa.ams3.cdn.digitaloceanspaces.com/products/products/802419%20RENE%20WS04SH_4.jpg,802419%20RENE%20WS04SH_4.jpg,是,是,pattern_and_analysis,90.0%,2025-09-06 19:14:38
802419 RENE WS04SH,2,附图1,https://trivesa.ams3.cdn.digitaloceanspaces.com/products/products/802419%20RENE%20WS04SH_5.jpg,802419%20RENE%20WS04SH_5.jpg,否,是,pattern_and_analysis,90.0%,2025-09-06 19:14:38
802419 RENE WS04SH,3,附图2,https://trivesa.ams3.cdn.digitaloceanspaces.com/products/products/802419%20RENE%20WS04SH_6.jpg,802419%20RENE%20WS04SH_6.jpg,否,是,pattern_and_analysis,90.0%,2025-09-06 19:14:38
802419 RENE WS04SH,4,附图3,https://trivesa.ams3.cdn.digitaloceanspaces.com/products/products/802419%20RENE%20WS04SH_7.jpg,802419%20RENE%20WS04SH_7.jpg,否,是,pattern_and_analysis,90.0%,2025-09-06 19:14:38
802419 RENE WS04SH,5,附图4,https://trivesa.ams3.cdn.digitaloceanspaces.com/products/products/802419%20RENE%20WS04SH_8.jpg,802419%20RENE%20WS04SH_8.jpg,否,是,pattern_and_analysis,90.0%,2025-09-06 19:14:38
802419 RENE WS04SH,6,附图5,https://trivesa.ams3.cdn.digitaloceanspaces.com/products/products/802419%20RENE%20WS04SH_9.jpg,802419%20RENE%20WS04SH_9.jpg,否,是,pattern_and_analysis,90.0%,2025-09-06 19:14:38
802419 RENE WS04SH,7,附图6,https://trivesa.ams3.cdn.digitaloceanspaces.com/products/products/802419%20RENE%20WS04SH_10.jpg,802419%20RENE%20WS04SH_10.jpg,否,是,pattern_and_analysis,90.0%,2025-09-06 19:14:38
802419 RENE WS04SH,8,附图7,https://trivesa.ams3.cdn.digitaloceanspaces.com/products/products/802419%20RENE%20WS04SH_11.jpg,802419%20RENE%20WS04SH_11.jpg,否,是,pattern_and_analysis,90.0%,2025-09-06 19:14:38
802419 RENE WS04SH,9,附图8,https://trivesa.ams3.cdn.digitaloceanspaces.com/products/products/802419%20RENE%20WS04SH_2.jpg,802419%20RENE%20WS04SH_2.jpg,否,是,pattern_and_analysis,90.0%,2025-09-06 19:14:38
802419 RENE WS04SH,10,附图9,https://trivesa.ams3.cdn.digitaloceanspaces.com/products/products/802419%20RENE%20WS04SH_3.jpg,802419%20RENE%20WS04SH_3.jpg,否,是,pattern_and_analysis,90.0%,2025-09-06 19:14:38
802551 RENE WS04SH,1,主图,https://trivesa.ams3.cdn.digitaloceanspaces.com/products/products/802551%20RENE%20WS04SH_4.jpg,802551%20RENE%20WS04SH_4.jpg,是,是,pattern_and_analysis,90.0%,2025-09-06 19:14:38
802551 RENE WS04SH,2,附图1,https://trivesa.ams3.cdn.digitaloceanspaces.com/products/products/802551%20RENE%20WS04SH_5.jpg,802551%20RENE%20WS04SH_5.jpg,否,是,pattern_and_analysis,90.0%,2025-09-06 19:14:38
802551 RENE WS04SH,3,附图2,https://trivesa.ams3.cdn.digitaloceanspaces.com/products/products/802551%20RENE%20WS04SH_6.jpg,802551%20RENE%20WS04SH_6.jpg,否,是,pattern_and_analysis,90.0%,2025-09-06 19:14:38
802551 RENE WS04SH,4,附图3,https://trivesa.ams3.cdn.digitaloceanspaces.com/products/products/802551%20RENE%20WS04SH_7.jpg,802551%20RENE%20WS04SH_7.jpg,否,是,pattern_and_analysis,90.0%,2025-09-06 19:14:38
802551 RENE WS04SH,5,附图4,https://trivesa.ams3.cdn.digitaloceanspaces.com/products/products/802551%20RENE%20WS04SH_8.jpg,802551%20RENE%20WS04SH_8.jpg,否,是,pattern_and_analysis,90.0%,2025-09-06 19:14:38
802551 RENE WS04SH,6,附图5,https://trivesa.ams3.cdn.digitaloceanspaces.com/products/products/802551%20RENE%20WS04SH_9.jpg,802551%20RENE%20WS04SH_9.jpg,否,是,pattern_and_analysis,90.0%,2025-09-06 19:14:38
802551 RENE WS04SH,7,附图6,https://trivesa.ams3.cdn.digitaloceanspaces.com/products/products/802551%20RENE%20WS04SH_2.jpg,802551%20RENE%20WS04SH_2.jpg,否,是,pattern_and_analysis,90.0%,2025-09-06 19:14:38
802551 RENE WS04SH,8,附图7,https://trivesa.ams3.cdn.digitaloceanspaces.com/products/products/802551%20RENE%20WS04SH_3.jpg,802551%20RENE%20WS04SH_3.jpg,否,是,pattern_and_analysis,90.0%,2025-09-06 19:14:38
802554 RENE WS04SH,1,主图,https://trivesa.ams3.cdn.digitaloceanspaces.com/products/products/802554%20RENE%20WS04SH_4.jpg,802554%20RENE%20WS04SH_4.jpg,是,是,pattern_and_analysis,90.0%,2025-09-06 19:14:38
802554 RENE WS04SH,2,附图1,https://trivesa.ams3.cdn.digitaloceanspaces.com/products/products/802554%20RENE%20WS04SH_5.jpg,802554%20RENE%20WS04SH_5.jpg,否,是,pattern_and_analysis,90.0%,2025-09-06 19:14:38
802554 RENE WS04SH,3,附图2,https://trivesa.ams3.cdn.digitaloceanspaces.com/products/products/802554%20RENE%20WS04SH_6.jpg,802554%20RENE%20WS04SH_6.jpg,否,是,pattern_and_analysis,90.0%,2025-09-06 19:14:38
802554 RENE WS04SH,4,附图3,https://trivesa.ams3.cdn.digitaloceanspaces.com/products/products/802554%20RENE%20WS04SH_7.jpg,802554%20RENE%20WS04SH_7.jpg,否,是,pattern_and_analysis,90.0%,2025-09-06 19:14:38
802554 RENE WS04SH,5,附图4,https://trivesa.ams3.cdn.digitaloceanspaces.com/products/products/802554%20RENE%20WS04SH_8.jpg,802554%20RENE%20WS04SH_8.jpg,否,是,pattern_and_analysis,90.0%,2025-09-06 19:14:38
802554 RENE WS04SH,6,附图5,https://trivesa.ams3.cdn.digitaloceanspaces.com/products/products/802554%20RENE%20WS04SH_9.jpg,802554%20RENE%20WS04SH_9.jpg,否,是,pattern_and_analysis,90.0%,2025-09-06 19:14:38
802554 RENE WS04SH,7,附图6,https://trivesa.ams3.cdn.digitaloceanspaces.com/products/products/802554%20RENE%20WS04SH_10.jpg,802554%20RENE%20WS04SH_10.jpg,否,是,pattern_and_analysis,90.0%,2025-09-06 19:14:38
802554 RENE WS04SH,8,附图7,https://trivesa.ams3.cdn.digitaloceanspaces.com/products/products/802554%20RENE%20WS04SH_11.jpg,802554%20RENE%20WS04SH_11.jpg,否,是,pattern_and_analysis,90.0%,2025-09-06 19:14:38
802554 RENE WS04SH,9,附图8,https://trivesa.ams3.cdn.digitaloceanspaces.com/products/products/802554%20RENE%20WS04SH_12.jpg,802554%20RENE%20WS04SH_12.jpg,否,是,pattern_and_analysis,90.0%,2025-09-06 19:14:38
802554 RENE WS04SH,10,附图9,https://trivesa.ams3.cdn.digitaloceanspaces.com/products/products/802554%20RENE%20WS04SH_13.jpg,802554%20RENE%20WS04SH_13.jpg,否,是,pattern_and_analysis,90.0%,2025-09-06 19:14:38
802554 RENE WS04SH,11,附图10,https://trivesa.ams3.cdn.digitaloceanspaces.com/products/products/802554%20RENE%20WS04SH_14.jpg,802554%20RENE%20WS04SH_14.jpg,否,是,pattern_and_analysis,90.0%,2025-09-06 19:14:38
802554 RENE WS04SH,12,附图11,https://trivesa.ams3.cdn.digitaloceanspaces.com/products/products/802554%20RENE%20WS04SH_15.jpg,802554%20RENE%20WS04SH_15.jpg,否,是,pattern_and_analysis,90.0%,2025-09-06 19:14:38
802554 RENE WS04SH,13,附图12,https://trivesa.ams3.cdn.digitaloceanspaces.com/products/products/802554%20RENE%20WS04SH_16.jpg,802554%20RENE%20WS04SH_16.jpg,否,是,pattern_and_analysis,90.0%,2025-09-06 19:14:38
802554 RENE WS04SH,14,附图13,https://trivesa.ams3.cdn.digitaloceanspaces.com/products/products/802554%20RENE%20WS04SH_17.jpg,802554%20RENE%20WS04SH_17.jpg,否,是,pattern_and_analysis,90.0%,2025-09-06 19:14:38
802554 RENE WS04SH,15,附图14,https://trivesa.ams3.cdn.digitaloceanspaces.com/products/products/802554%20RENE%20WS04SH_18.jpg,802554%20RENE%20WS04SH_18.jpg,否,是,pattern_and_analysis,90.0%,2025-09-06 19:14:38
802554 RENE WS04SH,16,附图15,https://trivesa.ams3.cdn.digitaloceanspaces.com/products/products/802554%20RENE%20WS04SH_19.jpg,802554%20RENE%20WS04SH_19.jpg,否,是,pattern_and_analysis,90.0%,2025-09-06 19:14:38
802554 RENE WS04SH,17,附图16,https://trivesa.ams3.cdn.digitaloceanspaces.com/products/products/802554%20RENE%20WS04SH_20.jpg,802554%20RENE%20WS04SH_20.jpg,否,是,pattern_and_analysis,90.0%,2025-09-06 19:14:38
802554 RENE WS04SH,18,附图17,https://trivesa.ams3.cdn.digitaloceanspaces.com/products/products/802554%20RENE%20WS04SH_21.jpg,802554%20RENE%20WS04SH_21.jpg,否,是,pattern_and_analysis,90.0%,2025-09-06 19:14:38
802554 RENE WS04SH,19,附图18,https://trivesa.ams3.cdn.digitaloceanspaces.com/products/products/802554%20RENE%20WS04SH_22.jpg,802554%20RENE%20WS04SH_22.jpg,否,是,pattern_and_analysis,90.0%,2025-09-06 19:14:38
802554 RENE WS04SH,20,附图19,https://trivesa.ams3.cdn.digitaloceanspaces.com/products/products/802554%20RENE%20WS04SH_23.jpg,802554%20RENE%20WS04SH_23.jpg,否,是,pattern_and_analysis,90.0%,2025-09-06 19:14:38
802554 RENE WS04SH,21,附图20,https://trivesa.ams3.cdn.digitaloceanspaces.com/products/products/802554%20RENE%20WS04SH_24.jpg,802554%20RENE%20WS04SH_24.jpg,否,是,pattern_and_analysis,90.0%,2025-09-06 19:14:38
802554 RENE WS04SH,22,附图21,https://trivesa.ams3.cdn.digitaloceanspaces.com/products/products/802554%20RENE%20WS04SH_25.jpg,802554%20RENE%20WS04SH_25.jpg,否,是,pattern_and_analysis,90.0%,2025-09-06 19:14:38
802554 RENE WS04SH,23,附图22,https://trivesa.ams3.cdn.digitaloceanspaces.com/products/products/802554%20RENE%20WS04SH_26.jpg,802554%20RENE%20WS04SH_26.jpg,否,是,pattern_and_analysis,90.0%,2025-09-06 19:14:38
802554 RENE WS04SH,24,附图23,https://trivesa.ams3.cdn.digitaloceanspaces.com/products/products/802554%20RENE%20WS04SH_27.jpg,802554%20RENE%20WS04SH_27.jpg,否,是,pattern_and_analysis,90.0%,2025-09-06 19:14:38
802554 RENE WS04SH,25,附图24,https://trivesa.ams3.cdn.digitaloceanspaces.com/products/products/802554%20RENE%20WS04SH_28.jpg,802554%20RENE%20WS04SH_28.jpg,否,是,pattern_and_analysis,90.0%,2025-09-06 19:14:38
802554 RENE WS04SH,26,附图25,https://trivesa.ams3.cdn.digitaloceanspaces.com/products/products/802554%20RENE%20WS04SH_2.jpg,802554%20RENE%20WS04SH_2.jpg,否,是,pattern_and_analysis,90.0%,2025-09-06 19:14:38
802554 RENE WS04SH,27,附图26,https://trivesa.ams3.cdn.digitaloceanspaces.com/products/products/802554%20RENE%20WS04SH_3.jpg,802554%20RENE%20WS04SH_3.jpg,否,是,pattern_and_analysis,90.0%,2025-09-06 19:14:38
802555 RENE WS04SH,1,主图,https://trivesa.ams3.cdn.digitaloceanspaces.com/products/products/802555%20RENE%20WS04SH_4.jpg,802555%20RENE%20WS04SH_4.jpg,是,是,pattern_and_analysis,90.0%,2025-09-06 19:14:38
802555 RENE WS04SH,2,附图1,https://trivesa.ams3.cdn.digitaloceanspaces.com/products/products/802555%20RENE%20WS04SH_5.jpg,802555%20RENE%20WS04SH_5.jpg,否,是,pattern_and_analysis,90.0%,2025-09-06 19:14:38
802555 RENE WS04SH,3,附图2,https://trivesa.ams3.cdn.digitaloceanspaces.com/products/products/802555%20RENE%20WS04SH_6.jpg,802555%20RENE%20WS04SH_6.jpg,否,是,pattern_and_analysis,90.0%,2025-09-06 19:14:38
802555 RENE WS04SH,4,附图3,https://trivesa.ams3.cdn.digitaloceanspaces.com/products/products/802555%20RENE%20WS04SH_7.jpg,802555%20RENE%20WS04SH_7.jpg,否,是,pattern_and_analysis,90.0%,2025-09-06 19:14:38
802555 RENE WS04SH,5,附图4,https://trivesa.ams3.cdn.digitaloceanspaces.com/products/products/802555%20RENE%20WS04SH_8.jpg,802555%20RENE%20WS04SH_8.jpg,否,是,pattern_and_analysis,90.0%,2025-09-06 19:14:38
802555 RENE WS04SH,6,附图5,https://trivesa.ams3.cdn.digitaloceanspaces.com/products/products/802555%20RENE%20WS04SH_9.jpg,802555%20RENE%20WS04SH_9.jpg,否,是,pattern_and_analysis,90.0%,2025-09-06 19:14:38
802555 RENE WS04SH,7,附图6,https://trivesa.ams3.cdn.digitaloceanspaces.com/products/products/802555%20RENE%20WS04SH_10.jpg,802555%20RENE%20WS04SH_10.jpg,否,是,pattern_and_analysis,90.0%,2025-09-06 19:14:38
802555 RENE WS04SH,8,附图7,https://trivesa.ams3.cdn.digitaloceanspaces.com/products/products/802555%20RENE%20WS04SH_2.jpg,802555%20RENE%20WS04SH_2.jpg,否,是,pattern_and_analysis,90.0%,2025-09-06 19:14:38
802555 RENE WS04SH,9,附图8,https://trivesa.ams3.cdn.digitaloceanspaces.com/products/products/802555%20RENE%20WS04SH_3.jpg,802555%20RENE%20WS04SH_3.jpg,否,是,pattern_and_analysis,90.0%,2025-09-06 19:14:38
802556 RENE WS04SH,1,主图,https://trivesa.ams3.cdn.digitaloceanspaces.com/products/products/802556%20RENE%20WS04SH_4.jpg,802556%20RENE%20WS04SH_4.jpg,是,是,pattern_and_analysis,90.0%,2025-09-06 19:14:38
802556 RENE WS04SH,2,附图1,https://trivesa.ams3.cdn.digitaloceanspaces.com/products/products/802556%20RENE%20WS04SH_5.jpg,802556%20RENE%20WS04SH_5.jpg,否,是,pattern_and_analysis,90.0%,2025-09-06 19:14:38
802556 RENE WS04SH,3,附图2,https://trivesa.ams3.cdn.digitaloceanspaces.com/products/products/802556%20RENE%20WS04SH_6.jpg,802556%20RENE%20WS04SH_6.jpg,否,是,pattern_and_analysis,90.0%,2025-09-06 19:14:38
802556 RENE WS04SH,4,附图3,https://trivesa.ams3.cdn.digitaloceanspaces.com/products/products/802556%20RENE%20WS04SH_7.jpg,802556%20RENE%20WS04SH_7.jpg,否,是,pattern_and_analysis,90.0%,2025-09-06 19:14:38
802556 RENE WS04SH,5,附图4,https://trivesa.ams3.cdn.digitaloceanspaces.com/products/products/802556%20RENE%20WS04SH_8.jpg,802556%20RENE%20WS04SH_8.jpg,否,是,pattern_and_analysis,90.0%,2025-09-06 19:14:38
802556 RENE WS04SH,6,附图5,https://trivesa.ams3.cdn.digitaloceanspaces.com/products/products/802556%20RENE%20WS04SH_9.jpg,802556%20RENE%20WS04SH_9.jpg,否,是,pattern_and_analysis,90.0%,2025-09-06 19:14:38
802556 RENE WS04SH,7,附图6,https://trivesa.ams3.cdn.digitaloceanspaces.com/products/products/802556%20RENE%20WS04SH_10.jpg,802556%20RENE%20WS04SH_10.jpg,否,是,pattern_and_analysis,90.0%,2025-09-06 19:14:38
802556 RENE WS04SH,8,附图7,https://trivesa.ams3.cdn.digitaloceanspaces.com/products/products/802556%20RENE%20WS04SH_11.jpg,802556%20RENE%20WS04SH_11.jpg,否,是,pattern_and_analysis,90.0%,2025-09-06 19:14:38
802556 RENE WS04SH,9,附图8,https://trivesa.ams3.cdn.digitaloceanspaces.com/products/products/802556%20RENE%20WS04SH_12.jpg,802556%20RENE%20WS04SH_12.jpg,否,是,pattern_and_analysis,90.0%,2025-09-06 19:14:38
802556 RENE WS04SH,10,附图9,https://trivesa.ams3.cdn.digitaloceanspaces.com/products/products/802556%20RENE%20WS04SH_13.jpg,802556%20RENE%20WS04SH_13.jpg,否,是,pattern_and_analysis,90.0%,2025-09-06 19:14:38
802556 RENE WS04SH,11,附图10,https://trivesa.ams3.cdn.digitaloceanspaces.com/products/products/802556%20RENE%20WS04SH_2.jpg,802556%20RENE%20WS04SH_2.jpg,否,是,pattern_and_analysis,90.0%,2025-09-06 19:14:38
802556 RENE WS04SH,12,附图11,https://trivesa.ams3.cdn.digitaloceanspaces.com/products/products/802556%20RENE%20WS04SH_3.jpg,802556%20RENE%20WS04SH_3.jpg,否,是,pattern_and_analysis,90.0%,2025-09-06 19:14:38
802557 RENE WS04SH,1,主图,https://trivesa.ams3.cdn.digitaloceanspaces.com/products/products/802557%20RENE%20WS04SH_4.jpg,802557%20RENE%20WS04SH_4.jpg,是,是,pattern_and_analysis,90.0%,2025-09-06 19:14:38
802557 RENE WS04SH,2,附图1,https://trivesa.ams3.cdn.digitaloceanspaces.com/products/products/802557%20RENE%20WS04SH_5.jpg,802557%20RENE%20WS04SH_5.jpg,否,是,pattern_and_analysis,90.0%,2025-09-06 19:14:38
802557 RENE WS04SH,3,附图2,https://trivesa.ams3.cdn.digitaloceanspaces.com/products/products/802557%20RENE%20WS04SH_6.jpg,802557%20RENE%20WS04SH_6.jpg,否,是,pattern_and_analysis,90.0%,2025-09-06 19:14:38
802557 RENE WS04SH,4,附图3,https://trivesa.ams3.cdn.digitaloceanspaces.com/products/products/802557%20RENE%20WS04SH_7.jpg,802557%20RENE%20WS04SH_7.jpg,否,是,pattern_and_analysis,90.0%,2025-09-06 19:14:38
802557 RENE WS04SH,5,附图4,https://trivesa.ams3.cdn.digitaloceanspaces.com/products/products/802557%20RENE%20WS04SH_8.jpg,802557%20RENE%20WS04SH_8.jpg,否,是,pattern_and_analysis,90.0%,2025-09-06 19:14:38
802557 RENE WS04SH,6,附图5,https://trivesa.ams3.cdn.digitaloceanspaces.com/products/products/802557%20RENE%20WS04SH_9.jpg,802557%20RENE%20WS04SH_9.jpg,否,是,pattern_and_analysis,90.0%,2025-09-06 19:14:38
802557 RENE WS04SH,7,附图6,https://trivesa.ams3.cdn.digitaloceanspaces.com/products/products/802557%20RENE%20WS04SH_10.jpg,802557%20RENE%20WS04SH_10.jpg,否,是,pattern_and_analysis,90.0%,2025-09-06 19:14:38
802557 RENE WS04SH,8,附图7,https://trivesa.ams3.cdn.digitaloceanspaces.com/products/products/802557%20RENE%20WS04SH_2.jpg,802557%20RENE%20WS04SH_2.jpg,否,是,pattern_and_analysis,90.0%,2025-09-06 19:14:38
802557 RENE WS04SH,9,附图8,https://trivesa.ams3.cdn.digitaloceanspaces.com/products/products/802557%20RENE%20WS04SH_3.jpg,802557%20RENE%20WS04SH_3.jpg,否,是,pattern_and_analysis,90.0%,2025-09-06 19:14:38
802558 RENE WS04SH,1,主图,https://trivesa.ams3.cdn.digitaloceanspaces.com/products/products/802558%20RENE%20WS04SH_4.jpg,802558%20RENE%20WS04SH_4.jpg,是,是,pattern_and_analysis,90.0%,2025-09-06 19:14:38
802558 RENE WS04SH,2,附图1,https://trivesa.ams3.cdn.digitaloceanspaces.com/products/products/802558%20RENE%20WS04SH_5.jpg,802558%20RENE%20WS04SH_5.jpg,否,是,pattern_and_analysis,90.0%,2025-09-06 19:14:38
802558 RENE WS04SH,3,附图2,https://trivesa.ams3.cdn.digitaloceanspaces.com/products/products/802558%20RENE%20WS04SH_6.jpg,802558%20RENE%20WS04SH_6.jpg,否,是,pattern_and_analysis,90.0%,2025-09-06 19:14:38
802558 RENE WS04SH,4,附图3,https://trivesa.ams3.cdn.digitaloceanspaces.com/products/products/802558%20RENE%20WS04SH_7.jpg,802558%20RENE%20WS04SH_7.jpg,否,是,pattern_and_analysis,90.0%,2025-09-06 19:14:38
802558 RENE WS04SH,5,附图4,https://trivesa.ams3.cdn.digitaloceanspaces.com/products/products/802558%20RENE%20WS04SH_8.jpg,802558%20RENE%20WS04SH_8.jpg,否,是,pattern_and_analysis,90.0%,2025-09-06 19:14:38
802558 RENE WS04SH,6,附图5,https://trivesa.ams3.cdn.digitaloceanspaces.com/products/products/802558%20RENE%20WS04SH_9.jpg,802558%20RENE%20WS04SH_9.jpg,否,是,pattern_and_analysis,90.0%,2025-09-06 19:14:38
802558 RENE WS04SH,7,附图6,https://trivesa.ams3.cdn.digitaloceanspaces.com/products/products/802558%20RENE%20WS04SH_10.jpg,802558%20RENE%20WS04SH_10.jpg,否,是,pattern_and_analysis,90.0%,2025-09-06 19:14:38
802558 RENE WS04SH,8,附图7,https://trivesa.ams3.cdn.digitaloceanspaces.com/products/products/802558%20RENE%20WS04SH_11.jpg,802558%20RENE%20WS04SH_11.jpg,否,是,pattern_and_analysis,90.0%,2025-09-06 19:14:38
802558 RENE WS04SH,9,附图8,https://trivesa.ams3.cdn.digitaloceanspaces.com/products/products/802558%20RENE%20WS04SH_2.jpg,802558%20RENE%20WS04SH_2.jpg,否,是,pattern_and_analysis,90.0%,2025-09-06 19:14:38
802558 RENE WS04SH,10,附图9,https://trivesa.ams3.cdn.digitaloceanspaces.com/products/products/802558%20RENE%20WS04SH_3.jpg,802558%20RENE%20WS04SH_3.jpg,否,是,pattern_and_analysis,90.0%,2025-09-06 19:14:38
802559 RENE WS04SH,1,主图,https://trivesa.ams3.cdn.digitaloceanspaces.com/products/products/802559%20RENE%20WS04SH_4.jpg,802559%20RENE%20WS04SH_4.jpg,是,是,pattern_and_analysis,90.0%,2025-09-06 19:14:38
802559 RENE WS04SH,2,附图1,https://trivesa.ams3.cdn.digitaloceanspaces.com/products/products/802559%20RENE%20WS04SH_5.jpg,802559%20RENE%20WS04SH_5.jpg,否,是,pattern_and_analysis,90.0%,2025-09-06 19:14:38
802559 RENE WS04SH,3,附图2,https://trivesa.ams3.cdn.digitaloceanspaces.com/products/products/802559%20RENE%20WS04SH_6.jpg,802559%20RENE%20WS04SH_6.jpg,否,是,pattern_and_analysis,90.0%,2025-09-06 19:14:38
802559 RENE WS04SH,4,附图3,https://trivesa.ams3.cdn.digitaloceanspaces.com/products/products/802559%20RENE%20WS04SH_7.jpg,802559%20RENE%20WS04SH_7.jpg,否,是,pattern_and_analysis,90.0%,2025-09-06 19:14:38
802559 RENE WS04SH,5,附图4,https://trivesa.ams3.cdn.digitaloceanspaces.com/products/products/802559%20RENE%20WS04SH_8.jpg,802559%20RENE%20WS04SH_8.jpg,否,是,pattern_and_analysis,90.0%,2025-09-06 19:14:38
802559 RENE WS04SH,6,附图5,https://trivesa.ams3.cdn.digitaloceanspaces.com/products/products/802559%20RENE%20WS04SH_9.jpg,802559%20RENE%20WS04SH_9.jpg,否,是,pattern_and_analysis,90.0%,2025-09-06 19:14:38
802559 RENE WS04SH,7,附图6,https://trivesa.ams3.cdn.digitaloceanspaces.com/products/products/802559%20RENE%20WS04SH_10.jpg,802559%20RENE%20WS04SH_10.jpg,否,是,pattern_and_analysis,90.0%,2025-09-06 19:14:38
802559 RENE WS04SH,8,附图7,https://trivesa.ams3.cdn.digitaloceanspaces.com/products/products/802559%20RENE%20WS04SH_11.jpg,802559%20RENE%20WS04SH_11.jpg,否,是,pattern_and_analysis,90.0%,2025-09-06 19:14:38
802559 RENE WS04SH,9,附图8,https://trivesa.ams3.cdn.digitaloceanspaces.com/products/products/802559%20RENE%20WS04SH_2.jpg,802559%20RENE%20WS04SH_2.jpg,否,是,pattern_and_analysis,90.0%,2025-09-06 19:14:38
802559 RENE WS04SH,10,附图9,https://trivesa.ams3.cdn.digitaloceanspaces.com/products/products/802559%20RENE%20WS04SH_3.jpg,802559%20RENE%20WS04SH_3.jpg,否,是,pattern_and_analysis,90.0%,2025-09-06 19:14:38
802561 RENE WS04SH,1,主图,https://trivesa.ams3.cdn.digitaloceanspaces.com/products/products/802561%20RENE%20WS04SH_4.jpg,802561%20RENE%20WS04SH_4.jpg,是,是,pattern_and_analysis,90.0%,2025-09-06 19:14:38
802561 RENE WS04SH,2,附图1,https://trivesa.ams3.cdn.digitaloceanspaces.com/products/products/802561%20RENE%20WS04SH_5.jpg,802561%20RENE%20WS04SH_5.jpg,否,是,pattern_and_analysis,90.0%,2025-09-06 19:14:38
802561 RENE WS04SH,3,附图2,https://trivesa.ams3.cdn.digitaloceanspaces.com/products/products/802561%20RENE%20WS04SH_6.jpg,802561%20RENE%20WS04SH_6.jpg,否,是,pattern_and_analysis,90.0%,2025-09-06 19:14:38
802561 RENE WS04SH,4,附图3,https://trivesa.ams3.cdn.digitaloceanspaces.com/products/products/802561%20RENE%20WS04SH_7.jpg,802561%20RENE%20WS04SH_7.jpg,否,是,pattern_and_analysis,90.0%,2025-09-06 19:14:38
802561 RENE WS04SH,5,附图4,https://trivesa.ams3.cdn.digitaloceanspaces.com/products/products/802561%20RENE%20WS04SH_8.jpg,802561%20RENE%20WS04SH_8.jpg,否,是,pattern_and_analysis,90.0%,2025-09-06 19:14:38
802561 RENE WS04SH,6,附图5,https://trivesa.ams3.cdn.digitaloceanspaces.com/products/products/802561%20RENE%20WS04SH_9.jpg,802561%20RENE%20WS04SH_9.jpg,否,是,pattern_and_analysis,90.0%,2025-09-06 19:14:38
802561 RENE WS04SH,7,附图6,https://trivesa.ams3.cdn.digitaloceanspaces.com/products/products/802561%20RENE%20WS04SH_10.jpg,802561%20RENE%20WS04SH_10.jpg,否,是,pattern_and_analysis,90.0%,2025-09-06 19:14:38
802561 RENE WS04SH,8,附图7,https://trivesa.ams3.cdn.digitaloceanspaces.com/products/products/802561%20RENE%20WS04SH_11.jpg,802561%20RENE%20WS04SH_11.jpg,否,是,pattern_and_analysis,90.0%,2025-09-06 19:14:38
802561 RENE WS04SH,9,附图8,https://trivesa.ams3.cdn.digitaloceanspaces.com/products/products/802561%20RENE%20WS04SH_12.jpg,802561%20RENE%20WS04SH_12.jpg,否,是,pattern_and_analysis,90.0%,2025-09-06 19:14:38
802561 RENE WS04SH,10,附图9,https://trivesa.ams3.cdn.digitaloceanspaces.com/products/products/802561%20RENE%20WS04SH_2.jpg,802561%20RENE%20WS04SH_2.jpg,否,是,pattern_and_analysis,90.0%,2025-09-06 19:14:38
802561 RENE WS04SH,11,附图10,https://trivesa.ams3.cdn.digitaloceanspaces.com/products/products/802561%20RENE%20WS04SH_3.jpg,802561%20RENE%20WS04SH_3.jpg,否,是,pattern_and_analysis,90.0%,2025-09-06 19:14:38
802562 RENE WS04SH,1,主图,https://trivesa.ams3.cdn.digitaloceanspaces.com/products/products/802562%20RENE%20WS04SH_4.jpg,802562%20RENE%20WS04SH_4.jpg,是,是,pattern_and_analysis,90.0%,2025-09-06 19:14:38
802562 RENE WS04SH,2,附图1,https://trivesa.ams3.cdn.digitaloceanspaces.com/products/products/802562%20RENE%20WS04SH_5.jpg,802562%20RENE%20WS04SH_5.jpg,否,是,pattern_and_analysis,90.0%,2025-09-06 19:14:38
802562 RENE WS04SH,3,附图2,https://trivesa.ams3.cdn.digitaloceanspaces.com/products/products/802562%20RENE%20WS04SH_6.jpg,802562%20RENE%20WS04SH_6.jpg,否,是,pattern_and_analysis,90.0%,2025-09-06 19:14:38
802562 RENE WS04SH,4,附图3,https://trivesa.ams3.cdn.digitaloceanspaces.com/products/products/802562%20RENE%20WS04SH_7.jpg,802562%20RENE%20WS04SH_7.jpg,否,是,pattern_and_analysis,90.0%,2025-09-06 19:14:38
802562 RENE WS04SH,5,附图4,https://trivesa.ams3.cdn.digitaloceanspaces.com/products/products/802562%20RENE%20WS04SH_8.jpg,802562%20RENE%20WS04SH_8.jpg,否,是,pattern_and_analysis,90.0%,2025-09-06 19:14:38
802562 RENE WS04SH,6,附图5,https://trivesa.ams3.cdn.digitaloceanspaces.com/products/products/802562%20RENE%20WS04SH_9.jpg,802562%20RENE%20WS04SH_9.jpg,否,是,pattern_and_analysis,90.0%,2025-09-06 19:14:38
802562 RENE WS04SH,7,附图6,https://trivesa.ams3.cdn.digitaloceanspaces.com/products/products/802562%20RENE%20WS04SH_10.jpg,802562%20RENE%20WS04SH_10.jpg,否,是,pattern_and_analysis,90.0%,2025-09-06 19:14:38
802562 RENE WS04SH,8,附图7,https://trivesa.ams3.cdn.digitaloceanspaces.com/products/products/802562%20RENE%20WS04SH_11.jpg,802562%20RENE%20WS04SH_11.jpg,否,是,pattern_and_analysis,90.0%,2025-09-06 19:14:38
802562 RENE WS04SH,9,附图8,https://trivesa.ams3.cdn.digitaloceanspaces.com/products/products/802562%20RENE%20WS04SH_2.jpg,802562%20RENE%20WS04SH_2.jpg,否,是,pattern_and_analysis,90.0%,2025-09-06 19:14:38
802562 RENE WS04SH,10,附图9,https://trivesa.ams3.cdn.digitaloceanspaces.com/products/products/802562%20RENE%20WS04SH_3.jpg,802562%20RENE%20WS04SH_3.jpg,否,是,pattern_and_analysis,90.0%,2025-09-06 19:14:38
802563 RENE WS04SH,1,主图,https://trivesa.ams3.cdn.digitaloceanspaces.com/products/products/802563%20RENE%20WS04SH_4.jpg,802563%20RENE%20WS04SH_4.jpg,是,是,pattern_and_analysis,90.0%,2025-09-06 19:14:38
802563 RENE WS04SH,2,附图1,https://trivesa.ams3.cdn.digitaloceanspaces.com/products/products/802563%20RENE%20WS04SH_5.jpg,802563%20RENE%20WS04SH_5.jpg,否,是,pattern_and_analysis,90.0%,2025-09-06 19:14:38
802563 RENE WS04SH,3,附图2,https://trivesa.ams3.cdn.digitaloceanspaces.com/products/products/802563%20RENE%20WS04SH_6.jpg,802563%20RENE%20WS04SH_6.jpg,否,是,pattern_and_analysis,90.0%,2025-09-06 19:14:38
802563 RENE WS04SH,4,附图3,https://trivesa.ams3.cdn.digitaloceanspaces.com/products/products/802563%20RENE%20WS04SH_7.jpg,802563%20RENE%20WS04SH_7.jpg,否,是,pattern_and_analysis,90.0%,2025-09-06 19:14:38
802563 RENE WS04SH,5,附图4,https://trivesa.ams3.cdn.digitaloceanspaces.com/products/products/802563%20RENE%20WS04SH_8.jpg,802563%20RENE%20WS04SH_8.jpg,否,是,pattern_and_analysis,90.0%,2025-09-06 19:14:38
802563 RENE WS04SH,6,附图5,https://trivesa.ams3.cdn.digitaloceanspaces.com/products/products/802563%20RENE%20WS04SH_9.jpg,802563%20RENE%20WS04SH_9.jpg,否,是,pattern_and_analysis,90.0%,2025-09-06 19:14:38
802563 RENE WS04SH,7,附图6,https://trivesa.ams3.cdn.digitaloceanspaces.com/products/products/802563%20RENE%20WS04SH_10.jpg,802563%20RENE%20WS04SH_10.jpg,否,是,pattern_and_analysis,90.0%,2025-09-06 19:14:38
802563 RENE WS04SH,8,附图7,https://trivesa.ams3.cdn.digitaloceanspaces.com/products/products/802563%20RENE%20WS04SH_2.jpg,802563%20RENE%20WS04SH_2.jpg,否,是,pattern_and_analysis,90.0%,2025-09-06 19:14:38
802563 RENE WS04SH,9,附图8,https://trivesa.ams3.cdn.digitaloceanspaces.com/products/products/802563%20RENE%20WS04SH_3.jpg,802563%20RENE%20WS04SH_3.jpg,否,是,pattern_and_analysis,90.0%,2025-09-06 19:14:38
802564 RENE WS04SH,1,主图,https://trivesa.ams3.cdn.digitaloceanspaces.com/products/products/802564%20RENE%20WS04SH_4.jpg,802564%20RENE%20WS04SH_4.jpg,是,是,pattern_and_analysis,90.0%,2025-09-06 19:14:38
802564 RENE WS04SH,2,附图1,https://trivesa.ams3.cdn.digitaloceanspaces.com/products/products/802564%20RENE%20WS04SH_5.jpg,802564%20RENE%20WS04SH_5.jpg,否,是,pattern_and_analysis,90.0%,2025-09-06 19:14:38
802564 RENE WS04SH,3,附图2,https://trivesa.ams3.cdn.digitaloceanspaces.com/products/products/802564%20RENE%20WS04SH_6.jpg,802564%20RENE%20WS04SH_6.jpg,否,是,pattern_and_analysis,90.0%,2025-09-06 19:14:38
802564 RENE WS04SH,4,附图3,https://trivesa.ams3.cdn.digitaloceanspaces.com/products/products/802564%20RENE%20WS04SH_7.jpg,802564%20RENE%20WS04SH_7.jpg,否,是,pattern_and_analysis,90.0%,2025-09-06 19:14:38
802564 RENE WS04SH,5,附图4,https://trivesa.ams3.cdn.digitaloceanspaces.com/products/products/802564%20RENE%20WS04SH_8.jpg,802564%20RENE%20WS04SH_8.jpg,否,是,pattern_and_analysis,90.0%,2025-09-06 19:14:38
802564 RENE WS04SH,6,附图5,https://trivesa.ams3.cdn.digitaloceanspaces.com/products/products/802564%20RENE%20WS04SH_2.jpg,802564%20RENE%20WS04SH_2.jpg,否,是,pattern_and_analysis,90.0%,2025-09-06 19:14:38
802564 RENE WS04SH,7,附图6,https://trivesa.ams3.cdn.digitaloceanspaces.com/products/products/802564%20RENE%20WS04SH_3.jpg,802564%20RENE%20WS04SH_3.jpg,否,是,pattern_and_analysis,90.0%,2025-09-06 19:14:38
802565 RENE WS04SH,1,主图,https://trivesa.ams3.cdn.digitaloceanspaces.com/products/products/802565%20RENE%20WS04SH_4.jpg,802565%20RENE%20WS04SH_4.jpg,是,是,pattern_and_analysis,90.0%,2025-09-06 19:14:38
802565 RENE WS04SH,2,附图1,https://trivesa.ams3.cdn.digitaloceanspaces.com/products/products/802565%20RENE%20WS04SH_5.jpg,802565%20RENE%20WS04SH_5.jpg,否,是,pattern_and_analysis,90.0%,2025-09-06 19:14:38
802565 RENE WS04SH,3,附图2,https://trivesa.ams3.cdn.digitaloceanspaces.com/products/products/802565%20RENE%20WS04SH_6.jpg,802565%20RENE%20WS04SH_6.jpg,否,是,pattern_and_analysis,90.0%,2025-09-06 19:14:38
802565 RENE WS04SH,4,附图3,https://trivesa.ams3.cdn.digitaloceanspaces.com/products/products/802565%20RENE%20WS04SH_7.jpg,802565%20RENE%20WS04SH_7.jpg,否,是,pattern_and_analysis,90.0%,2025-09-06 19:14:38
802565 RENE WS04SH,5,附图4,https://trivesa.ams3.cdn.digitaloceanspaces.com/products/products/802565%20RENE%20WS04SH_8.jpg,802565%20RENE%20WS04SH_8.jpg,否,是,pattern_and_analysis,90.0%,2025-09-06 19:14:38
802565 RENE WS04SH,6,附图5,https://trivesa.ams3.cdn.digitaloceanspaces.com/products/products/802565%20RENE%20WS04SH_9.jpg,802565%20RENE%20WS04SH_9.jpg,否,是,pattern_and_analysis,90.0%,2025-09-06 19:14:38
802565 RENE WS04SH,7,附图6,https://trivesa.ams3.cdn.digitaloceanspaces.com/products/products/802565%20RENE%20WS04SH_10.jpg,802565%20RENE%20WS04SH_10.jpg,否,是,pattern_and_analysis,90.0%,2025-09-06 19:14:38
802565 RENE WS04SH,8,附图7,https://trivesa.ams3.cdn.digitaloceanspaces.com/products/products/802565%20RENE%20WS04SH_11.jpg,802565%20RENE%20WS04SH_11.jpg,否,是,pattern_and_analysis,90.0%,2025-09-06 19:14:38
802565 RENE WS04SH,9,附图8,https://trivesa.ams3.cdn.digitaloceanspaces.com/products/products/802565%20RENE%20WS04SH_2.jpg,802565%20RENE%20WS04SH_2.jpg,否,是,pattern_and_analysis,90.0%,2025-09-06 19:14:38
802565 RENE WS04SH,10,附图9,https://trivesa.ams3.cdn.digitaloceanspaces.com/products/products/802565%20RENE%20WS04SH_3.jpg,802565%20RENE%20WS04SH_3.jpg,否,是,pattern_and_analysis,90.0%,2025-09-06 19:14:38
802566 RENE WS04SH,1,主图,https://trivesa.ams3.cdn.digitaloceanspaces.com/products/products/802566%20RENE%20WS04SH_4.jpg,802566%20RENE%20WS04SH_4.jpg,是,是,pattern_and_analysis,90.0%,2025-09-06 19:14:38
802566 RENE WS04SH,2,附图1,https://trivesa.ams3.cdn.digitaloceanspaces.com/products/products/802566%20RENE%20WS04SH_5.jpg,802566%20RENE%20WS04SH_5.jpg,否,是,pattern_and_analysis,90.0%,2025-09-06 19:14:38
802566 RENE WS04SH,3,附图2,https://trivesa.ams3.cdn.digitaloceanspaces.com/products/products/802566%20RENE%20WS04SH_6.jpg,802566%20RENE%20WS04SH_6.jpg,否,是,pattern_and_analysis,90.0%,2025-09-06 19:14:38
802566 RENE WS04SH,4,附图3,https://trivesa.ams3.cdn.digitaloceanspaces.com/products/products/802566%20RENE%20WS04SH_7.jpg,802566%20RENE%20WS04SH_7.jpg,否,是,pattern_and_analysis,90.0%,2025-09-06 19:14:38
802566 RENE WS04SH,5,附图4,https://trivesa.ams3.cdn.digitaloceanspaces.com/products/products/802566%20RENE%20WS04SH_8.jpg,802566%20RENE%20WS04SH_8.jpg,否,是,pattern_and_analysis,90.0%,2025-09-06 19:14:38
802566 RENE WS04SH,6,附图5,https://trivesa.ams3.cdn.digitaloceanspaces.com/products/products/802566%20RENE%20WS04SH_9.jpg,802566%20RENE%20WS04SH_9.jpg,否,是,pattern_and_analysis,90.0%,2025-09-06 19:14:38
802566 RENE WS04SH,7,附图6,https://trivesa.ams3.cdn.digitaloceanspaces.com/products/products/802566%20RENE%20WS04SH_10.jpg,802566%20RENE%20WS04SH_10.jpg,否,是,pattern_and_analysis,90.0%,2025-09-06 19:14:38
802566 RENE WS04SH,8,附图7,https://trivesa.ams3.cdn.digitaloceanspaces.com/products/products/802566%20RENE%20WS04SH_11.jpg,802566%20RENE%20WS04SH_11.jpg,否,是,pattern_and_analysis,90.0%,2025-09-06 19:14:38
802566 RENE WS04SH,9,附图8,https://trivesa.ams3.cdn.digitaloceanspaces.com/products/products/802566%20RENE%20WS04SH_12.jpg,802566%20RENE%20WS04SH_12.jpg,否,是,pattern_and_analysis,90.0%,2025-09-06 19:14:38
802566 RENE WS04SH,10,附图9,https://trivesa.ams3.cdn.digitaloceanspaces.com/products/products/802566%20RENE%20WS04SH_13.jpg,802566%20RENE%20WS04SH_13.jpg,否,是,pattern_and_analysis,90.0%,2025-09-06 19:14:38
802566 RENE WS04SH,11,附图10,https://trivesa.ams3.cdn.digitaloceanspaces.com/products/products/802566%20RENE%20WS04SH_14.jpg,802566%20RENE%20WS04SH_14.jpg,否,是,pattern_and_analysis,90.0%,2025-09-06 19:14:38
802566 RENE WS04SH,12,附图11,https://trivesa.ams3.cdn.digitaloceanspaces.com/products/products/802566%20RENE%20WS04SH_15.jpg,802566%20RENE%20WS04SH_15.jpg,否,是,pattern_and_analysis,90.0%,2025-09-06 19:14:38
802566 RENE WS04SH,13,附图12,https://trivesa.ams3.cdn.digitaloceanspaces.com/products/products/802566%20RENE%20WS04SH_2.jpg,802566%20RENE%20WS04SH_2.jpg,否,是,pattern_and_analysis,90.0%,2025-09-06 19:14:38
802566 RENE WS04SH,14,附图13,https://trivesa.ams3.cdn.digitaloceanspaces.com/products/products/802566%20RENE%20WS04SH_3.jpg,802566%20RENE%20WS04SH_3.jpg,否,是,pattern_and_analysis,90.0%,2025-09-06 19:14:38
802567 RENE WS04SH,1,主图,https://trivesa.ams3.cdn.digitaloceanspaces.com/products/products/802567%20RENE%20WS04SH_4.jpg,802567%20RENE%20WS04SH_4.jpg,是,是,pattern_and_analysis,90.0%,2025-09-06 19:14:38
802567 RENE WS04SH,2,附图1,https://trivesa.ams3.cdn.digitaloceanspaces.com/products/products/802567%20RENE%20WS04SH_5.jpg,802567%20RENE%20WS04SH_5.jpg,否,是,pattern_and_analysis,90.0%,2025-09-06 19:14:38
802567 RENE WS04SH,3,附图2,https://trivesa.ams3.cdn.digitaloceanspaces.com/products/products/802567%20RENE%20WS04SH_6.jpg,802567%20RENE%20WS04SH_6.jpg,否,是,pattern_and_analysis,90.0%,2025-09-06 19:14:38
802567 RENE WS04SH,4,附图3,https://trivesa.ams3.cdn.digitaloceanspaces.com/products/products/802567%20RENE%20WS04SH_7.jpg,802567%20RENE%20WS04SH_7.jpg,否,是,pattern_and_analysis,90.0%,2025-09-06 19:14:38
802567 RENE WS04SH,5,附图4,https://trivesa.ams3.cdn.digitaloceanspaces.com/products/products/802567%20RENE%20WS04SH_8.jpg,802567%20RENE%20WS04SH_8.jpg,否,是,pattern_and_analysis,90.0%,2025-09-06 19:14:38
802567 RENE WS04SH,6,附图5,https://trivesa.ams3.cdn.digitaloceanspaces.com/products/products/802567%20RENE%20WS04SH_9.jpg,802567%20RENE%20WS04SH_9.jpg,否,是,pattern_and_analysis,90.0%,2025-09-06 19:14:38
802567 RENE WS04SH,7,附图6,https://trivesa.ams3.cdn.digitaloceanspaces.com/products/products/802567%20RENE%20WS04SH_10.jpg,802567%20RENE%20WS04SH_10.jpg,否,是,pattern_and_analysis,90.0%,2025-09-06 19:14:38
802567 RENE WS04SH,8,附图7,https://trivesa.ams3.cdn.digitaloceanspaces.com/products/products/802567%20RENE%20WS04SH_11.jpg,802567%20RENE%20WS04SH_11.jpg,否,是,pattern_and_analysis,90.0%,2025-09-06 19:14:38
802567 RENE WS04SH,9,附图8,https://trivesa.ams3.cdn.digitaloceanspaces.com/products/products/802567%20RENE%20WS04SH_12.jpg,802567%20RENE%20WS04SH_12.jpg,否,是,pattern_and_analysis,90.0%,2025-09-06 19:14:38
802567 RENE WS04SH,10,附图9,https://trivesa.ams3.cdn.digitaloceanspaces.com/products/products/802567%20RENE%20WS04SH_2.jpg,802567%20RENE%20WS04SH_2.jpg,否,是,pattern_and_analysis,90.0%,2025-09-06 19:14:38
802567 RENE WS04SH,11,附图10,https://trivesa.ams3.cdn.digitaloceanspaces.com/products/products/802567%20RENE%20WS04SH_3.jpg,802567%20RENE%20WS04SH_3.jpg,否,是,pattern_and_analysis,90.0%,2025-09-06 19:14:38
802947 RENE WS04SE,1,主图,https://trivesa.ams3.cdn.digitaloceanspaces.com/products/products/802947%20RENE%20WS04SE_4.jpg,802947%20RENE%20WS04SE_4.jpg,是,是,pattern_and_analysis,90.0%,2025-09-06 19:14:38
802947 RENE WS04SE,2,附图1,https://trivesa.ams3.cdn.digitaloceanspaces.com/products/products/802947%20RENE%20WS04SE_5.jpg,802947%20RENE%20WS04SE_5.jpg,否,是,pattern_and_analysis,90.0%,2025-09-06 19:14:38
802947 RENE WS04SE,3,附图2,https://trivesa.ams3.cdn.digitaloceanspaces.com/products/products/802947%20RENE%20WS04SE_6.jpg,802947%20RENE%20WS04SE_6.jpg,否,是,pattern_and_analysis,90.0%,2025-09-06 19:14:38
802947 RENE WS04SE,4,附图3,https://trivesa.ams3.cdn.digitaloceanspaces.com/products/products/802947%20RENE%20WS04SE_7.jpg,802947%20RENE%20WS04SE_7.jpg,否,是,pattern_and_analysis,90.0%,2025-09-06 19:14:38
802947 RENE WS04SE,5,附图4,https://trivesa.ams3.cdn.digitaloceanspaces.com/products/products/802947%20RENE%20WS04SE_8.jpg,802947%20RENE%20WS04SE_8.jpg,否,是,pattern_and_analysis,90.0%,2025-09-06 19:14:38
802947 RENE WS04SE,6,附图5,https://trivesa.ams3.cdn.digitaloceanspaces.com/products/products/802947%20RENE%20WS04SE_9.jpg,802947%20RENE%20WS04SE_9.jpg,否,是,pattern_and_analysis,90.0%,2025-09-06 19:14:38
802947 RENE WS04SE,7,附图6,https://trivesa.ams3.cdn.digitaloceanspaces.com/products/products/802947%20RENE%20WS04SE_10.jpg,802947%20RENE%20WS04SE_10.jpg,否,是,pattern_and_analysis,90.0%,2025-09-06 19:14:38
802947 RENE WS04SE,8,附图7,https://trivesa.ams3.cdn.digitaloceanspaces.com/products/products/802947%20RENE%20WS04SE_11.jpg,802947%20RENE%20WS04SE_11.jpg,否,是,pattern_and_analysis,90.0%,2025-09-06 19:14:38
802947 RENE WS04SE,9,附图8,https://trivesa.ams3.cdn.digitaloceanspaces.com/products/products/802947%20RENE%20WS04SE_12.jpg,802947%20RENE%20WS04SE_12.jpg,否,是,pattern_and_analysis,90.0%,2025-09-06 19:14:38
802947 RENE WS04SE,10,附图9,https://trivesa.ams3.cdn.digitaloceanspaces.com/products/products/802947%20RENE%20WS04SE_13.jpg,802947%20RENE%20WS04SE_13.jpg,否,是,pattern_and_analysis,90.0%,2025-09-06 19:14:38
802947 RENE WS04SE,11,附图10,https://trivesa.ams3.cdn.digitaloceanspaces.com/products/products/802947%20RENE%20WS04SE_2.jpg,802947%20RENE%20WS04SE_2.jpg,否,是,pattern_and_analysis,90.0%,2025-09-06 19:14:38
802947 RENE WS04SE,12,附图11,https://trivesa.ams3.cdn.digitaloceanspaces.com/products/products/802947%20RENE%20WS04SE_3.jpg,802947%20RENE%20WS04SE_3.jpg,否,是,pattern_and_analysis,90.0%,2025-09-06 19:14:38
802948 RENE WS04SE,1,主图,https://trivesa.ams3.cdn.digitaloceanspaces.com/products/products/802948%20RENE%20WS04SE_4.jpg,802948%20RENE%20WS04SE_4.jpg,是,是,pattern_based,70.0%,2025-09-06 19:14:38
802948 RENE WS04SE,2,附图1,https://trivesa.ams3.cdn.digitaloceanspaces.com/products/products/802948%20RENE%20WS04SE_5.jpg,802948%20RENE%20WS04SE_5.jpg,否,是,pattern_based,70.0%,2025-09-06 19:14:38
802948 RENE WS04SE,3,附图2,https://trivesa.ams3.cdn.digitaloceanspaces.com/products/products/802948%20RENE%20WS04SE_6.jpg,802948%20RENE%20WS04SE_6.jpg,否,是,pattern_based,70.0%,2025-09-06 19:14:38
802948 RENE WS04SE,4,附图3,https://trivesa.ams3.cdn.digitaloceanspaces.com/products/products/802948%20RENE%20WS04SE_7.jpg,802948%20RENE%20WS04SE_7.jpg,否,是,pattern_based,70.0%,2025-09-06 19:14:38
802948 RENE WS04SE,5,附图4,https://trivesa.ams3.cdn.digitaloceanspaces.com/products/products/802948%20RENE%20WS04SE_8.jpg,802948%20RENE%20WS04SE_8.jpg,否,是,pattern_based,70.0%,2025-09-06 19:14:38
802948 RENE WS04SE,6,附图5,https://trivesa.ams3.cdn.digitaloceanspaces.com/products/products/802948%20RENE%20WS04SE_9.jpg,802948%20RENE%20WS04SE_9.jpg,否,是,pattern_based,70.0%,2025-09-06 19:14:38
802948 RENE WS04SE,7,附图6,https://trivesa.ams3.cdn.digitaloceanspaces.com/products/products/802948%20RENE%20WS04SE_2.jpg,802948%20RENE%20WS04SE_2.jpg,否,是,pattern_based,70.0%,2025-09-06 19:14:38
802948 RENE WS04SE,8,附图7,https://trivesa.ams3.cdn.digitaloceanspaces.com/products/products/802948%20RENE%20WS04SE_3.jpg,802948%20RENE%20WS04SE_3.jpg,否,是,pattern_based,70.0%,2025-09-06 19:14:38
803409 RENE WS05ER,1,主图,https://trivesa.ams3.cdn.digitaloceanspaces.com/products/products/803409%20RENE%20WS05ER_4.jpg,803409%20RENE%20WS05ER_4.jpg,是,是,pattern_based,70.0%,2025-09-06 19:14:38
803409 RENE WS05ER,2,附图1,https://trivesa.ams3.cdn.digitaloceanspaces.com/products/products/803409%20RENE%20WS05ER_5.jpg,803409%20RENE%20WS05ER_5.jpg,否,是,pattern_based,70.0%,2025-09-06 19:14:38
803409 RENE WS05ER,3,附图2,https://trivesa.ams3.cdn.digitaloceanspaces.com/products/products/803409%20RENE%20WS05ER_6.jpg,803409%20RENE%20WS05ER_6.jpg,否,是,pattern_based,70.0%,2025-09-06 19:14:38
803409 RENE WS05ER,4,附图3,https://trivesa.ams3.cdn.digitaloceanspaces.com/products/products/803409%20RENE%20WS05ER_7.jpg,803409%20RENE%20WS05ER_7.jpg,否,是,pattern_based,70.0%,2025-09-06 19:14:38
803409 RENE WS05ER,5,附图4,https://trivesa.ams3.cdn.digitaloceanspaces.com/products/products/803409%20RENE%20WS05ER_8.jpg,803409%20RENE%20WS05ER_8.jpg,否,是,pattern_based,70.0%,2025-09-06 19:14:38
803409 RENE WS05ER,6,附图5,https://trivesa.ams3.cdn.digitaloceanspaces.com/products/products/803409%20RENE%20WS05ER_9.jpg,803409%20RENE%20WS05ER_9.jpg,否,是,pattern_based,70.0%,2025-09-06 19:14:38
803409 RENE WS05ER,7,附图6,https://trivesa.ams3.cdn.digitaloceanspaces.com/products/products/803409%20RENE%20WS05ER_10.jpg,803409%20RENE%20WS05ER_10.jpg,否,是,pattern_based,70.0%,2025-09-06 19:14:38
803409 RENE WS05ER,8,附图7,https://trivesa.ams3.cdn.digitaloceanspaces.com/products/products/803409%20RENE%20WS05ER_11.jpg,803409%20RENE%20WS05ER_11.jpg,否,是,pattern_based,70.0%,2025-09-06 19:14:38
803409 RENE WS05ER,9,附图8,https://trivesa.ams3.cdn.digitaloceanspaces.com/products/products/803409%20RENE%20WS05ER_2.jpg,803409%20RENE%20WS05ER_2.jpg,否,是,pattern_based,70.0%,2025-09-06 19:14:38
803409 RENE WS05ER,10,附图9,https://trivesa.ams3.cdn.digitaloceanspaces.com/products/products/803409%20RENE%20WS05ER_3.jpg,803409%20RENE%20WS05ER_3.jpg,否,是,pattern_based,70.0%,2025-09-06 19:14:38
803410 RENE WS05ER,1,主图,https://trivesa.ams3.cdn.digitaloceanspaces.com/products/products/803410%20RENE%20WS05ER_4.jpg,803410%20RENE%20WS05ER_4.jpg,是,是,pattern_and_analysis,90.0%,2025-09-06 19:14:38
803410 RENE WS05ER,2,附图1,https://trivesa.ams3.cdn.digitaloceanspaces.com/products/products/803410%20RENE%20WS05ER_5.jpg,803410%20RENE%20WS05ER_5.jpg,否,是,pattern_and_analysis,90.0%,2025-09-06 19:14:38
803410 RENE WS05ER,3,附图2,https://trivesa.ams3.cdn.digitaloceanspaces.com/products/products/803410%20RENE%20WS05ER_6.jpg,803410%20RENE%20WS05ER_6.jpg,否,是,pattern_and_analysis,90.0%,2025-09-06 19:14:38
803410 RENE WS05ER,4,附图3,https://trivesa.ams3.cdn.digitaloceanspaces.com/products/products/803410%20RENE%20WS05ER_7.jpg,803410%20RENE%20WS05ER_7.jpg,否,是,pattern_and_analysis,90.0%,2025-09-06 19:14:38
803410 RENE WS05ER,5,附图4,https://trivesa.ams3.cdn.digitaloceanspaces.com/products/products/803410%20RENE%20WS05ER_8.jpg,803410%20RENE%20WS05ER_8.jpg,否,是,pattern_and_analysis,90.0%,2025-09-06 19:14:38
803410 RENE WS05ER,6,附图5,https://trivesa.ams3.cdn.digitaloceanspaces.com/products/products/803410%20RENE%20WS05ER_9.jpg,803410%20RENE%20WS05ER_9.jpg,否,是,pattern_and_analysis,90.0%,2025-09-06 19:14:38
803410 RENE WS05ER,7,附图6,https://trivesa.ams3.cdn.digitaloceanspaces.com/products/products/803410%20RENE%20WS05ER_10.jpg,803410%20RENE%20WS05ER_10.jpg,否,是,pattern_and_analysis,90.0%,2025-09-06 19:14:38
803410 RENE WS05ER,8,附图7,https://trivesa.ams3.cdn.digitaloceanspaces.com/products/products/803410%20RENE%20WS05ER_11.jpg,803410%20RENE%20WS05ER_11.jpg,否,是,pattern_and_analysis,90.0%,2025-09-06 19:14:38
803410 RENE WS05ER,9,附图8,https://trivesa.ams3.cdn.digitaloceanspaces.com/products/products/803410%20RENE%20WS05ER_2.jpg,803410%20RENE%20WS05ER_2.jpg,否,是,pattern_and_analysis,90.0%,2025-09-06 19:14:38
803410 RENE WS05ER,10,附图9,https://trivesa.ams3.cdn.digitaloceanspaces.com/products/products/803410%20RENE%20WS05ER_3.jpg,803410%20RENE%20WS05ER_3.jpg,否,是,pattern_and_analysis,90.0%,2025-09-06 19:14:38
803448 RENE WS05ER,1,主图,https://trivesa.ams3.cdn.digitaloceanspaces.com/products/products/803448%20RENE%20WS05ER_4.jpg,803448%20RENE%20WS05ER_4.jpg,是,是,pattern_and_analysis,90.0%,2025-09-06 19:14:38
803448 RENE WS05ER,2,附图1,https://trivesa.ams3.cdn.digitaloceanspaces.com/products/products/803448%20RENE%20WS05ER_5.jpg,803448%20RENE%20WS05ER_5.jpg,否,是,pattern_and_analysis,90.0%,2025-09-06 19:14:38
803448 RENE WS05ER,3,附图2,https://trivesa.ams3.cdn.digitaloceanspaces.com/products/products/803448%20RENE%20WS05ER_6.jpg,803448%20RENE%20WS05ER_6.jpg,否,是,pattern_and_analysis,90.0%,2025-09-06 19:14:38
803448 RENE WS05ER,4,附图3,https://trivesa.ams3.cdn.digitaloceanspaces.com/products/products/803448%20RENE%20WS05ER_7.jpg,803448%20RENE%20WS05ER_7.jpg,否,是,pattern_and_analysis,90.0%,2025-09-06 19:14:38
803448 RENE WS05ER,5,附图4,https://trivesa.ams3.cdn.digitaloceanspaces.com/products/products/803448%20RENE%20WS05ER_8.jpg,803448%20RENE%20WS05ER_8.jpg,否,是,pattern_and_analysis,90.0%,2025-09-06 19:14:38
803448 RENE WS05ER,6,附图5,https://trivesa.ams3.cdn.digitaloceanspaces.com/products/products/803448%20RENE%20WS05ER_9.jpg,803448%20RENE%20WS05ER_9.jpg,否,是,pattern_and_analysis,90.0%,2025-09-06 19:14:38
803448 RENE WS05ER,7,附图6,https://trivesa.ams3.cdn.digitaloceanspaces.com/products/products/803448%20RENE%20WS05ER_10.jpg,803448%20RENE%20WS05ER_10.jpg,否,是,pattern_and_analysis,90.0%,2025-09-06 19:14:38
803448 RENE WS05ER,8,附图7,https://trivesa.ams3.cdn.digitaloceanspaces.com/products/products/803448%20RENE%20WS05ER_11.jpg,803448%20RENE%20WS05ER_11.jpg,否,是,pattern_and_analysis,90.0%,2025-09-06 19:14:38
803448 RENE WS05ER,9,附图8,https://trivesa.ams3.cdn.digitaloceanspaces.com/products/products/803448%20RENE%20WS05ER_12.jpg,803448%20RENE%20WS05ER_12.jpg,否,是,pattern_and_analysis,90.0%,2025-09-06 19:14:38
803448 RENE WS05ER,10,附图9,https://trivesa.ams3.cdn.digitaloceanspaces.com/products/products/803448%20RENE%20WS05ER_2.jpg,803448%20RENE%20WS05ER_2.jpg,否,是,pattern_and_analysis,90.0%,2025-09-06 19:14:38
803448 RENE WS05ER,11,附图10,https://trivesa.ams3.cdn.digitaloceanspaces.com/products/products/803448%20RENE%20WS05ER_3.jpg,803448%20RENE%20WS05ER_3.jpg,否,是,pattern_and_analysis,90.0%,2025-09-06 19:14:38
803451 RENE WS05ER,1,主图,https://trivesa.ams3.cdn.digitaloceanspaces.com/products/products/803451%20RENE%20WS05ER_4.jpg,803451%20RENE%20WS05ER_4.jpg,是,是,pattern_and_analysis,90.0%,2025-09-06 19:14:38
803451 RENE WS05ER,2,附图1,https://trivesa.ams3.cdn.digitaloceanspaces.com/products/products/803451%20RENE%20WS05ER_5.jpg,803451%20RENE%20WS05ER_5.jpg,否,是,pattern_and_analysis,90.0%,2025-09-06 19:14:38
803451 RENE WS05ER,3,附图2,https://trivesa.ams3.cdn.digitaloceanspaces.com/products/products/803451%20RENE%20WS05ER_6.jpg,803451%20RENE%20WS05ER_6.jpg,否,是,pattern_and_analysis,90.0%,2025-09-06 19:14:38
803451 RENE WS05ER,4,附图3,https://trivesa.ams3.cdn.digitaloceanspaces.com/products/products/803451%20RENE%20WS05ER_7.jpg,803451%20RENE%20WS05ER_7.jpg,否,是,pattern_and_analysis,90.0%,2025-09-06 19:14:38
803451 RENE WS05ER,5,附图4,https://trivesa.ams3.cdn.digitaloceanspaces.com/products/products/803451%20RENE%20WS05ER_8.jpg,803451%20RENE%20WS05ER_8.jpg,否,是,pattern_and_analysis,90.0%,2025-09-06 19:14:38
803451 RENE WS05ER,6,附图5,https://trivesa.ams3.cdn.digitaloceanspaces.com/products/products/803451%20RENE%20WS05ER_9.jpg,803451%20RENE%20WS05ER_9.jpg,否,是,pattern_and_analysis,90.0%,2025-09-06 19:14:38
803451 RENE WS05ER,7,附图6,https://trivesa.ams3.cdn.digitaloceanspaces.com/products/products/803451%20RENE%20WS05ER_10.jpg,803451%20RENE%20WS05ER_10.jpg,否,是,pattern_and_analysis,90.0%,2025-09-06 19:14:38
803451 RENE WS05ER,8,附图7,https://trivesa.ams3.cdn.digitaloceanspaces.com/products/products/803451%20RENE%20WS05ER_11.jpg,803451%20RENE%20WS05ER_11.jpg,否,是,pattern_and_analysis,90.0%,2025-09-06 19:14:38
803451 RENE WS05ER,9,附图8,https://trivesa.ams3.cdn.digitaloceanspaces.com/products/products/803451%20RENE%20WS05ER_12.jpg,803451%20RENE%20WS05ER_12.jpg,否,是,pattern_and_analysis,90.0%,2025-09-06 19:14:38
803451 RENE WS05ER,10,附图9,https://trivesa.ams3.cdn.digitaloceanspaces.com/products/products/803451%20RENE%20WS05ER_2.jpg,803451%20RENE%20WS05ER_2.jpg,否,是,pattern_and_analysis,90.0%,2025-09-06 19:14:38
803451 RENE WS05ER,11,附图10,https://trivesa.ams3.cdn.digitaloceanspaces.com/products/products/803451%20RENE%20WS05ER_3.jpg,803451%20RENE%20WS05ER_3.jpg,否,是,pattern_and_analysis,90.0%,2025-09-06 19:14:38
803493 ALEXA WS05SA,1,主图,https://trivesa.ams3.cdn.digitaloceanspaces.com/products/products/803493%20ALEXA%20WS05SA_4.jpg,803493%20ALEXA%20WS05SA_4.jpg,是,是,pattern_and_analysis,90.0%,2025-09-06 19:14:38
803493 ALEXA WS05SA,2,附图1,https://trivesa.ams3.cdn.digitaloceanspaces.com/products/products/803493%20ALEXA%20WS05SA_5.jpg,803493%20ALEXA%20WS05SA_5.jpg,否,是,pattern_and_analysis,90.0%,2025-09-06 19:14:38
803493 ALEXA WS05SA,3,附图2,https://trivesa.ams3.cdn.digitaloceanspaces.com/products/products/803493%20ALEXA%20WS05SA_6.jpg,803493%20ALEXA%20WS05SA_6.jpg,否,是,pattern_and_analysis,90.0%,2025-09-06 19:14:38
803493 ALEXA WS05SA,4,附图3,https://trivesa.ams3.cdn.digitaloceanspaces.com/products/products/803493%20ALEXA%20WS05SA_7.jpg,803493%20ALEXA%20WS05SA_7.jpg,否,是,pattern_and_analysis,90.0%,2025-09-06 19:14:38
803493 ALEXA WS05SA,5,附图4,https://trivesa.ams3.cdn.digitaloceanspaces.com/products/products/803493%20ALEXA%20WS05SA_8.jpg,803493%20ALEXA%20WS05SA_8.jpg,否,是,pattern_and_analysis,90.0%,2025-09-06 19:14:38
803493 ALEXA WS05SA,6,附图5,https://trivesa.ams3.cdn.digitaloceanspaces.com/products/products/803493%20ALEXA%20WS05SA_9.jpg,803493%20ALEXA%20WS05SA_9.jpg,否,是,pattern_and_analysis,90.0%,2025-09-06 19:14:38
803493 ALEXA WS05SA,7,附图6,https://trivesa.ams3.cdn.digitaloceanspaces.com/products/products/803493%20ALEXA%20WS05SA_10.jpg,803493%20ALEXA%20WS05SA_10.jpg,否,是,pattern_and_analysis,90.0%,2025-09-06 19:14:38
803493 ALEXA WS05SA,8,附图7,https://trivesa.ams3.cdn.digitaloceanspaces.com/products/products/803493%20ALEXA%20WS05SA_11.jpg,803493%20ALEXA%20WS05SA_11.jpg,否,是,pattern_and_analysis,90.0%,2025-09-06 19:14:38
803493 ALEXA WS05SA,9,附图8,https://trivesa.ams3.cdn.digitaloceanspaces.com/products/products/803493%20ALEXA%20WS05SA_12.jpg,803493%20ALEXA%20WS05SA_12.jpg,否,是,pattern_and_analysis,90.0%,2025-09-06 19:14:38
803493 ALEXA WS05SA,10,附图9,https://trivesa.ams3.cdn.digitaloceanspaces.com/products/products/803493%20ALEXA%20WS05SA_13.jpg,803493%20ALEXA%20WS05SA_13.jpg,否,是,pattern_and_analysis,90.0%,2025-09-06 19:14:38
803493 ALEXA WS05SA,11,附图10,https://trivesa.ams3.cdn.digitaloceanspaces.com/products/products/803493%20ALEXA%20WS05SA_14.jpg,803493%20ALEXA%20WS05SA_14.jpg,否,是,pattern_and_analysis,90.0%,2025-09-06 19:14:38
803493 ALEXA WS05SA,12,附图11,https://trivesa.ams3.cdn.digitaloceanspaces.com/products/products/803493%20ALEXA%20WS05SA_15.jpg,803493%20ALEXA%20WS05SA_15.jpg,否,是,pattern_and_analysis,90.0%,2025-09-06 19:14:38
803493 ALEXA WS05SA,13,附图12,https://trivesa.ams3.cdn.digitaloceanspaces.com/products/products/803493%20ALEXA%20WS05SA_16.jpg,803493%20ALEXA%20WS05SA_16.jpg,否,是,pattern_and_analysis,90.0%,2025-09-06 19:14:38
803493 ALEXA WS05SA,14,附图13,https://trivesa.ams3.cdn.digitaloceanspaces.com/products/products/803493%20ALEXA%20WS05SA_17.jpg,803493%20ALEXA%20WS05SA_17.jpg,否,是,pattern_and_analysis,90.0%,2025-09-06 19:14:38
803493 ALEXA WS05SA,15,附图14,https://trivesa.ams3.cdn.digitaloceanspaces.com/products/products/803493%20ALEXA%20WS05SA_18.jpg,803493%20ALEXA%20WS05SA_18.jpg,否,是,pattern_and_analysis,90.0%,2025-09-06 19:14:38
803493 ALEXA WS05SA,16,附图15,https://trivesa.ams3.cdn.digitaloceanspaces.com/products/products/803493%20ALEXA%20WS05SA_19.jpg,803493%20ALEXA%20WS05SA_19.jpg,否,是,pattern_and_analysis,90.0%,2025-09-06 19:14:38
803493 ALEXA WS05SA,17,附图16,https://trivesa.ams3.cdn.digitaloceanspaces.com/products/products/803493%20ALEXA%20WS05SA_20.jpg,803493%20ALEXA%20WS05SA_20.jpg,否,是,pattern_and_analysis,90.0%,2025-09-06 19:14:38
803493 ALEXA WS05SA,18,附图17,https://trivesa.ams3.cdn.digitaloceanspaces.com/products/products/803493%20ALEXA%20WS05SA_21.jpg,803493%20ALEXA%20WS05SA_21.jpg,否,是,pattern_and_analysis,90.0%,2025-09-06 19:14:38
803493 ALEXA WS05SA,19,附图18,https://trivesa.ams3.cdn.digitaloceanspaces.com/products/products/803493%20ALEXA%20WS05SA_2.jpg,803493%20ALEXA%20WS05SA_2.jpg,否,是,pattern_and_analysis,90.0%,2025-09-06 19:14:38
803493 ALEXA WS05SA,20,附图19,https://trivesa.ams3.cdn.digitaloceanspaces.com/products/products/803493%20ALEXA%20WS05SA_3.jpg,803493%20ALEXA%20WS05SA_3.jpg,否,是,pattern_and_analysis,90.0%,2025-09-06 19:14:38
923451 GUCCI WA05LU,1,主图,https://trivesa.ams3.cdn.digitaloceanspaces.com/products/products/923451%20GUCCI%20WA05LU_4.jpg,923451%20GUCCI%20WA05LU_4.jpg,是,是,pattern_and_analysis,90.0%,2025-09-06 19:14:38
923451 GUCCI WA05LU,2,附图1,https://trivesa.ams3.cdn.digitaloceanspaces.com/products/products/923451%20GUCCI%20WA05LU_5.jpg,923451%20GUCCI%20WA05LU_5.jpg,否,是,pattern_and_analysis,90.0%,2025-09-06 19:14:38
923451 GUCCI WA05LU,3,附图2,https://trivesa.ams3.cdn.digitaloceanspaces.com/products/products/923451%20GUCCI%20WA05LU_6.jpg,923451%20GUCCI%20WA05LU_6.jpg,否,是,pattern_and_analysis,90.0%,2025-09-06 19:14:38
923451 GUCCI WA05LU,4,附图3,https://trivesa.ams3.cdn.digitaloceanspaces.com/products/products/923451%20GUCCI%20WA05LU_7.jpg,923451%20GUCCI%20WA05LU_7.jpg,否,是,pattern_and_analysis,90.0%,2025-09-06 19:14:38
923451 GUCCI WA05LU,5,附图4,https://trivesa.ams3.cdn.digitaloceanspaces.com/products/products/923451%20GUCCI%20WA05LU_2.jpg,923451%20GUCCI%20WA05LU_2.jpg,否,是,pattern_and_analysis,90.0%,2025-09-06 19:14:38
923451 GUCCI WA05LU,6,附图5,https://trivesa.ams3.cdn.digitaloceanspaces.com/products/products/923451%20GUCCI%20WA05LU_3.jpg,923451%20GUCCI%20WA05LU_3.jpg,否,是,pattern_and_analysis,90.0%,2025-09-06 19:14:38
923452 GUCCI WA05LU,1,主图,https://trivesa.ams3.cdn.digitaloceanspaces.com/products/products/923452%20GUCCI%20WA05LU_4.jpg,923452%20GUCCI%20WA05LU_4.jpg,是,是,pattern_and_analysis,90.0%,2025-09-06 19:14:38
923452 GUCCI WA05LU,2,附图1,https://trivesa.ams3.cdn.digitaloceanspaces.com/products/products/923452%20GUCCI%20WA05LU_5.jpg,923452%20GUCCI%20WA05LU_5.jpg,否,是,pattern_and_analysis,90.0%,2025-09-06 19:14:38
923452 GUCCI WA05LU,3,附图2,https://trivesa.ams3.cdn.digitaloceanspaces.com/products/products/923452%20GUCCI%20WA05LU_6.jpg,923452%20GUCCI%20WA05LU_6.jpg,否,是,pattern_and_analysis,90.0%,2025-09-06 19:14:38
923452 GUCCI WA05LU,4,附图3,https://trivesa.ams3.cdn.digitaloceanspaces.com/products/products/923452%20GUCCI%20WA05LU_7.jpg,923452%20GUCCI%20WA05LU_7.jpg,否,是,pattern_and_analysis,90.0%,2025-09-06 19:14:38
923452 GUCCI WA05LU,5,附图4,https://trivesa.ams3.cdn.digitaloceanspaces.com/products/products/923452%20GUCCI%20WA05LU_8.jpg,923452%20GUCCI%20WA05LU_8.jpg,否,是,pattern_and_analysis,90.0%,2025-09-06 19:14:38
923452 GUCCI WA05LU,6,附图5,https://trivesa.ams3.cdn.digitaloceanspaces.com/products/products/923452%20GUCCI%20WA05LU_2.jpg,923452%20GUCCI%20WA05LU_2.jpg,否,是,pattern_and_analysis,90.0%,2025-09-06 19:14:38
923452 GUCCI WA05LU,7,附图6,https://trivesa.ams3.cdn.digitaloceanspaces.com/products/products/923452%20GUCCI%20WA05LU_3.jpg,923452%20GUCCI%20WA05LU_3.jpg,否,是,pattern_and_analysis,90.0%,2025-09-06 19:14:38
923453 GUCCI WA05LU,1,主图,https://trivesa.ams3.cdn.digitaloceanspaces.com/products/products/923453%20GUCCI%20WA05LU_4.jpg,923453%20GUCCI%20WA05LU_4.jpg,是,是,pattern_and_analysis,90.0%,2025-09-06 19:14:38
923453 GUCCI WA05LU,2,附图1,https://trivesa.ams3.cdn.digitaloceanspaces.com/products/products/923453%20GUCCI%20WA05LU_5.jpg,923453%20GUCCI%20WA05LU_5.jpg,否,是,pattern_and_analysis,90.0%,2025-09-06 19:14:38
923453 GUCCI WA05LU,3,附图2,https://trivesa.ams3.cdn.digitaloceanspaces.com/products/products/923453%20GUCCI%20WA05LU_6.jpg,923453%20GUCCI%20WA05LU_6.jpg,否,是,pattern_and_analysis,90.0%,2025-09-06 19:14:38
923453 GUCCI WA05LU,4,附图3,https://trivesa.ams3.cdn.digitaloceanspaces.com/products/products/923453%20GUCCI%20WA05LU_7.jpg,923453%20GUCCI%20WA05LU_7.jpg,否,是,pattern_and_analysis,90.0%,2025-09-06 19:14:38
923453 GUCCI WA05LU,5,附图4,https://trivesa.ams3.cdn.digitaloceanspaces.com/products/products/923453%20GUCCI%20WA05LU_2.jpg,923453%20GUCCI%20WA05LU_2.jpg,否,是,pattern_and_analysis,90.0%,2025-09-06 19:14:38
923453 GUCCI WA05LU,6,附图5,https://trivesa.ams3.cdn.digitaloceanspaces.com/products/products/923453%20GUCCI%20WA05LU_3.jpg,923453%20GUCCI%20WA05LU_3.jpg,否,是,pattern_and_analysis,90.0%,2025-09-06 19:14:38
923454 GUCCI WA05LU,1,主图,https://trivesa.ams3.cdn.digitaloceanspaces.com/products/products/923454%20GUCCI%20WA05LU_4.jpg,923454%20GUCCI%20WA05LU_4.jpg,是,是,pattern_and_analysis,90.0%,2025-09-06 19:14:38
923454 GUCCI WA05LU,2,附图1,https://trivesa.ams3.cdn.digitaloceanspaces.com/products/products/923454%20GUCCI%20WA05LU_5.jpg,923454%20GUCCI%20WA05LU_5.jpg,否,是,pattern_and_analysis,90.0%,2025-09-06 19:14:38
923454 GUCCI WA05LU,3,附图2,https://trivesa.ams3.cdn.digitaloceanspaces.com/products/products/923454%20GUCCI%20WA05LU_6.jpg,923454%20GUCCI%20WA05LU_6.jpg,否,是,pattern_and_analysis,90.0%,2025-09-06 19:14:38
923454 GUCCI WA05LU,4,附图3,https://trivesa.ams3.cdn.digitaloceanspaces.com/products/products/923454%20GUCCI%20WA05LU_7.jpg,923454%20GUCCI%20WA05LU_7.jpg,否,是,pattern_and_analysis,90.0%,2025-09-06 19:14:38
923454 GUCCI WA05LU,5,附图4,https://trivesa.ams3.cdn.digitaloceanspaces.com/products/products/923454%20GUCCI%20WA05LU_8.jpg,923454%20GUCCI%20WA05LU_8.jpg,否,是,pattern_and_analysis,90.0%,2025-09-06 19:14:38
923454 GUCCI WA05LU,6,附图5,https://trivesa.ams3.cdn.digitaloceanspaces.com/products/products/923454%20GUCCI%20WA05LU_2.jpg,923454%20GUCCI%20WA05LU_2.jpg,否,是,pattern_and_analysis,90.0%,2025-09-06 19:14:38
923454 GUCCI WA05LU,7,附图6,https://trivesa.ams3.cdn.digitaloceanspaces.com/products/products/923454%20GUCCI%20WA05LU_3.jpg,923454%20GUCCI%20WA05LU_3.jpg,否,是,pattern_and_analysis,90.0%,2025-09-06 19:14:38
923455 GUCCI WA05LU,1,主图,https://trivesa.ams3.cdn.digitaloceanspaces.com/products/products/923455%20GUCCI%20WA05LU_4.jpg,923455%20GUCCI%20WA05LU_4.jpg,是,是,pattern_and_analysis,90.0%,2025-09-06 19:14:38
923455 GUCCI WA05LU,2,附图1,https://trivesa.ams3.cdn.digitaloceanspaces.com/products/products/923455%20GUCCI%20WA05LU_5.jpg,923455%20GUCCI%20WA05LU_5.jpg,否,是,pattern_and_analysis,90.0%,2025-09-06 19:14:38
923455 GUCCI WA05LU,3,附图2,https://trivesa.ams3.cdn.digitaloceanspaces.com/products/products/923455%20GUCCI%20WA05LU_6.jpg,923455%20GUCCI%20WA05LU_6.jpg,否,是,pattern_and_analysis,90.0%,2025-09-06 19:14:38
923455 GUCCI WA05LU,4,附图3,https://trivesa.ams3.cdn.digitaloceanspaces.com/products/products/923455%20GUCCI%20WA05LU_7.jpg,923455%20GUCCI%20WA05LU_7.jpg,否,是,pattern_and_analysis,90.0%,2025-09-06 19:14:38
923455 GUCCI WA05LU,5,附图4,https://trivesa.ams3.cdn.digitaloceanspaces.com/products/products/923455%20GUCCI%20WA05LU_2.jpg,923455%20GUCCI%20WA05LU_2.jpg,否,是,pattern_and_analysis,90.0%,2025-09-06 19:14:38
923455 GUCCI WA05LU,6,附图5,https://trivesa.ams3.cdn.digitaloceanspaces.com/products/products/923455%20GUCCI%20WA05LU_3.jpg,923455%20GUCCI%20WA05LU_3.jpg,否,是,pattern_and_analysis,90.0%,2025-09-06 19:14:38
923456 GUCCI WA05LU,1,主图,https://trivesa.ams3.cdn.digitaloceanspaces.com/products/products/923456%20GUCCI%20WA05LU_4.jpg,923456%20GUCCI%20WA05LU_4.jpg,是,是,pattern_and_analysis,90.0%,2025-09-06 19:14:38
923456 GUCCI WA05LU,2,附图1,https://trivesa.ams3.cdn.digitaloceanspaces.com/products/products/923456%20GUCCI%20WA05LU_5.jpg,923456%20GUCCI%20WA05LU_5.jpg,否,是,pattern_and_analysis,90.0%,2025-09-06 19:14:38
923456 GUCCI WA05LU,3,附图2,https://trivesa.ams3.cdn.digitaloceanspaces.com/products/products/923456%20GUCCI%20WA05LU_6.jpg,923456%20GUCCI%20WA05LU_6.jpg,否,是,pattern_and_analysis,90.0%,2025-09-06 19:14:38
923456 GUCCI WA05LU,4,附图3,https://trivesa.ams3.cdn.digitaloceanspaces.com/products/products/923456%20GUCCI%20WA05LU_7.jpg,923456%20GUCCI%20WA05LU_7.jpg,否,是,pattern_and_analysis,90.0%,2025-09-06 19:14:38
923456 GUCCI WA05LU,5,附图4,https://trivesa.ams3.cdn.digitaloceanspaces.com/products/products/923456%20GUCCI%20WA05LU_2.jpg,923456%20GUCCI%20WA05LU_2.jpg,否,是,pattern_and_analysis,90.0%,2025-09-06 19:14:38
923456 GUCCI WA05LU,6,附图5,https://trivesa.ams3.cdn.digitaloceanspaces.com/products/products/923456%20GUCCI%20WA05LU_3.jpg,923456%20GUCCI%20WA05LU_3.jpg,否,是,pattern_and_analysis,90.0%,2025-09-06 19:14:38
923457 GUCCI WA05LU,1,主图,https://trivesa.ams3.cdn.digitaloceanspaces.com/products/products/923457%20GUCCI%20WA05LU_4.jpg,923457%20GUCCI%20WA05LU_4.jpg,是,是,pattern_and_analysis,90.0%,2025-09-06 19:14:38
923457 GUCCI WA05LU,2,附图1,https://trivesa.ams3.cdn.digitaloceanspaces.com/products/products/923457%20GUCCI%20WA05LU_5.jpg,923457%20GUCCI%20WA05LU_5.jpg,否,是,pattern_and_analysis,90.0%,2025-09-06 19:14:38
923457 GUCCI WA05LU,3,附图2,https://trivesa.ams3.cdn.digitaloceanspaces.com/products/products/923457%20GUCCI%20WA05LU_6.jpg,923457%20GUCCI%20WA05LU_6.jpg,否,是,pattern_and_analysis,90.0%,2025-09-06 19:14:38
923457 GUCCI WA05LU,4,附图3,https://trivesa.ams3.cdn.digitaloceanspaces.com/products/products/923457%20GUCCI%20WA05LU_7.jpg,923457%20GUCCI%20WA05LU_7.jpg,否,是,pattern_and_analysis,90.0%,2025-09-06 19:14:38
923457 GUCCI WA05LU,5,附图4,https://trivesa.ams3.cdn.digitaloceanspaces.com/products/products/923457%20GUCCI%20WA05LU_8.jpg,923457%20GUCCI%20WA05LU_8.jpg,否,是,pattern_and_analysis,90.0%,2025-09-06 19:14:38
923457 GUCCI WA05LU,6,附图5,https://trivesa.ams3.cdn.digitaloceanspaces.com/products/products/923457%20GUCCI%20WA05LU_2.jpg,923457%20GUCCI%20WA05LU_2.jpg,否,是,pattern_and_analysis,90.0%,2025-09-06 19:14:38
923457 GUCCI WA05LU,7,附图6,https://trivesa.ams3.cdn.digitaloceanspaces.com/products/products/923457%20GUCCI%20WA05LU_3.jpg,923457%20GUCCI%20WA05LU_3.jpg,否,是,pattern_and_analysis,90.0%,2025-09-06 19:14:38
923458 GUCCI WA05LU,1,主图,https://trivesa.ams3.cdn.digitaloceanspaces.com/products/products/923458%20GUCCI%20WA05LU_4.jpg,923458%20GUCCI%20WA05LU_4.jpg,是,是,pattern_and_analysis,90.0%,2025-09-06 19:14:38
923458 GUCCI WA05LU,2,附图1,https://trivesa.ams3.cdn.digitaloceanspaces.com/products/products/923458%20GUCCI%20WA05LU_5.jpg,923458%20GUCCI%20WA05LU_5.jpg,否,是,pattern_and_analysis,90.0%,2025-09-06 19:14:38
923458 GUCCI WA05LU,3,附图2,https://trivesa.ams3.cdn.digitaloceanspaces.com/products/products/923458%20GUCCI%20WA05LU_6.jpg,923458%20GUCCI%20WA05LU_6.jpg,否,是,pattern_and_analysis,90.0%,2025-09-06 19:14:38
923458 GUCCI WA05LU,4,附图3,https://trivesa.ams3.cdn.digitaloceanspaces.com/products/products/923458%20GUCCI%20WA05LU_7.jpg,923458%20GUCCI%20WA05LU_7.jpg,否,是,pattern_and_analysis,90.0%,2025-09-06 19:14:38
923458 GUCCI WA05LU,5,附图4,https://trivesa.ams3.cdn.digitaloceanspaces.com/products/products/923458%20GUCCI%20WA05LU_8.jpg,923458%20GUCCI%20WA05LU_8.jpg,否,是,pattern_and_analysis,90.0%,2025-09-06 19:14:38
923458 GUCCI WA05LU,6,附图5,https://trivesa.ams3.cdn.digitaloceanspaces.com/products/products/923458%20GUCCI%20WA05LU_9.jpg,923458%20GUCCI%20WA05LU_9.jpg,否,是,pattern_and_analysis,90.0%,2025-09-06 19:14:38
923458 GUCCI WA05LU,7,附图6,https://trivesa.ams3.cdn.digitaloceanspaces.com/products/products/923458%20GUCCI%20WA05LU_10.jpg,923458%20GUCCI%20WA05LU_10.jpg,否,是,pattern_and_analysis,90.0%,2025-09-06 19:14:38
923458 GUCCI WA05LU,8,附图7,https://trivesa.ams3.cdn.digitaloceanspaces.com/products/products/923458%20GUCCI%20WA05LU_11.jpg,923458%20GUCCI%20WA05LU_11.jpg,否,是,pattern_and_analysis,90.0%,2025-09-06 19:14:38
923458 GUCCI WA05LU,9,附图8,https://trivesa.ams3.cdn.digitaloceanspaces.com/products/products/923458%20GUCCI%20WA05LU_12.jpg,923458%20GUCCI%20WA05LU_12.jpg,否,是,pattern_and_analysis,90.0%,2025-09-06 19:14:38
923458 GUCCI WA05LU,10,附图9,https://trivesa.ams3.cdn.digitaloceanspaces.com/products/products/923458%20GUCCI%20WA05LU_13.jpg,923458%20GUCCI%20WA05LU_13.jpg,否,是,pattern_and_analysis,90.0%,2025-09-06 19:14:38
923458 GUCCI WA05LU,11,附图10,https://trivesa.ams3.cdn.digitaloceanspaces.com/products/products/923458%20GUCCI%20WA05LU_14.jpg,923458%20GUCCI%20WA05LU_14.jpg,否,是,pattern_and_analysis,90.0%,2025-09-06 19:14:38
923458 GUCCI WA05LU,12,附图11,https://trivesa.ams3.cdn.digitaloceanspaces.com/products/products/923458%20GUCCI%20WA05LU_2.jpg,923458%20GUCCI%20WA05LU_2.jpg,否,是,pattern_and_analysis,90.0%,2025-09-06 19:14:38
923458 GUCCI WA05LU,13,附图12,https://trivesa.ams3.cdn.digitaloceanspaces.com/products/products/923458%20GUCCI%20WA05LU_3.jpg,923458%20GUCCI%20WA05LU_3.jpg,否,是,pattern_and_analysis,90.0%,2025-09-06 19:14:38
923459 GUCCI WA05LU,1,主图,https://trivesa.ams3.cdn.digitaloceanspaces.com/products/products/923459%20GUCCI%20WA05LU_4.jpg,923459%20GUCCI%20WA05LU_4.jpg,是,是,pattern_and_analysis,90.0%,2025-09-06 19:14:38
923459 GUCCI WA05LU,2,附图1,https://trivesa.ams3.cdn.digitaloceanspaces.com/products/products/923459%20GUCCI%20WA05LU_5.jpg,923459%20GUCCI%20WA05LU_5.jpg,否,是,pattern_and_analysis,90.0%,2025-09-06 19:14:38
923459 GUCCI WA05LU,3,附图2,https://trivesa.ams3.cdn.digitaloceanspaces.com/products/products/923459%20GUCCI%20WA05LU_6.jpg,923459%20GUCCI%20WA05LU_6.jpg,否,是,pattern_and_analysis,90.0%,2025-09-06 19:14:38
923459 GUCCI WA05LU,4,附图3,https://trivesa.ams3.cdn.digitaloceanspaces.com/products/products/923459%20GUCCI%20WA05LU_7.jpg,923459%20GUCCI%20WA05LU_7.jpg,否,是,pattern_and_analysis,90.0%,2025-09-06 19:14:38
923459 GUCCI WA05LU,5,附图4,https://trivesa.ams3.cdn.digitaloceanspaces.com/products/products/923459%20GUCCI%20WA05LU_2.jpg,923459%20GUCCI%20WA05LU_2.jpg,否,是,pattern_and_analysis,90.0%,2025-09-06 19:14:38
923459 GUCCI WA05LU,6,附图5,https://trivesa.ams3.cdn.digitaloceanspaces.com/products/products/923459%20GUCCI%20WA05LU_3.jpg,923459%20GUCCI%20WA05LU_3.jpg,否,是,pattern_and_analysis,90.0%,2025-09-06 19:14:38
923460 GUCCI WA05LU,1,主图,https://trivesa.ams3.cdn.digitaloceanspaces.com/products/products/923460%20GUCCI%20WA05LU_4.jpg,923460%20GUCCI%20WA05LU_4.jpg,是,是,pattern_and_analysis,90.0%,2025-09-06 19:14:38
923460 GUCCI WA05LU,2,附图1,https://trivesa.ams3.cdn.digitaloceanspaces.com/products/products/923460%20GUCCI%20WA05LU_5.jpg,923460%20GUCCI%20WA05LU_5.jpg,否,是,pattern_and_analysis,90.0%,2025-09-06 19:14:38
923460 GUCCI WA05LU,3,附图2,https://trivesa.ams3.cdn.digitaloceanspaces.com/products/products/923460%20GUCCI%20WA05LU_6.jpg,923460%20GUCCI%20WA05LU_6.jpg,否,是,pattern_and_analysis,90.0%,2025-09-06 19:14:38
923460 GUCCI WA05LU,4,附图3,https://trivesa.ams3.cdn.digitaloceanspaces.com/products/products/923460%20GUCCI%20WA05LU_7.jpg,923460%20GUCCI%20WA05LU_7.jpg,否,是,pattern_and_analysis,90.0%,2025-09-06 19:14:38
923460 GUCCI WA05LU,5,附图4,https://trivesa.ams3.cdn.digitaloceanspaces.com/products/products/923460%20GUCCI%20WA05LU_8.jpg,923460%20GUCCI%20WA05LU_8.jpg,否,是,pattern_and_analysis,90.0%,2025-09-06 19:14:38
923460 GUCCI WA05LU,6,附图5,https://trivesa.ams3.cdn.digitaloceanspaces.com/products/products/923460%20GUCCI%20WA05LU_2.jpg,923460%20GUCCI%20WA05LU_2.jpg,否,是,pattern_and_analysis,90.0%,2025-09-06 19:14:38
923460 GUCCI WA05LU,7,附图6,https://trivesa.ams3.cdn.digitaloceanspaces.com/products/products/923460%20GUCCI%20WA05LU_3.jpg,923460%20GUCCI%20WA05LU_3.jpg,否,是,pattern_and_analysis,90.0%,2025-09-06 19:14:38
923461 GUCCI WA05LU,1,主图,https://trivesa.ams3.cdn.digitaloceanspaces.com/products/products/923461%20GUCCI%20WA05LU_4.jpg,923461%20GUCCI%20WA05LU_4.jpg,是,是,pattern_and_analysis,90.0%,2025-09-06 19:14:38
923461 GUCCI WA05LU,2,附图1,https://trivesa.ams3.cdn.digitaloceanspaces.com/products/products/923461%20GUCCI%20WA05LU_5.jpg,923461%20GUCCI%20WA05LU_5.jpg,否,是,pattern_and_analysis,90.0%,2025-09-06 19:14:38
923461 GUCCI WA05LU,3,附图2,https://trivesa.ams3.cdn.digitaloceanspaces.com/products/products/923461%20GUCCI%20WA05LU_6.jpg,923461%20GUCCI%20WA05LU_6.jpg,否,是,pattern_and_analysis,90.0%,2025-09-06 19:14:38
923461 GUCCI WA05LU,4,附图3,https://trivesa.ams3.cdn.digitaloceanspaces.com/products/products/923461%20GUCCI%20WA05LU_2.jpg,923461%20GUCCI%20WA05LU_2.jpg,否,是,pattern_and_analysis,90.0%,2025-09-06 19:14:38
923461 GUCCI WA05LU,5,附图4,https://trivesa.ams3.cdn.digitaloceanspaces.com/products/products/923461%20GUCCI%20WA05LU_3.jpg,923461%20GUCCI%20WA05LU_3.jpg,否,是,pattern_and_analysis,90.0%,2025-09-06 19:14:38
923478 GUCCI WA05LU,1,主图,https://trivesa.ams3.cdn.digitaloceanspaces.com/products/products/923478%20GUCCI%20WA05LU_4.jpg,923478%20GUCCI%20WA05LU_4.jpg,是,是,pattern_and_analysis,90.0%,2025-09-06 19:14:38
923478 GUCCI WA05LU,2,附图1,https://trivesa.ams3.cdn.digitaloceanspaces.com/products/products/923478%20GUCCI%20WA05LU_5.jpg,923478%20GUCCI%20WA05LU_5.jpg,否,是,pattern_and_analysis,90.0%,2025-09-06 19:14:38
923478 GUCCI WA05LU,3,附图2,https://trivesa.ams3.cdn.digitaloceanspaces.com/products/products/923478%20GUCCI%20WA05LU_6.jpg,923478%20GUCCI%20WA05LU_6.jpg,否,是,pattern_and_analysis,90.0%,2025-09-06 19:14:38
923478 GUCCI WA05LU,4,附图3,https://trivesa.ams3.cdn.digitaloceanspaces.com/products/products/923478%20GUCCI%20WA05LU_7.jpg,923478%20GUCCI%20WA05LU_7.jpg,否,是,pattern_and_analysis,90.0%,2025-09-06 19:14:38
923478 GUCCI WA05LU,5,附图4,https://trivesa.ams3.cdn.digitaloceanspaces.com/products/products/923478%20GUCCI%20WA05LU_2.jpg,923478%20GUCCI%20WA05LU_2.jpg,否,是,pattern_and_analysis,90.0%,2025-09-06 19:14:38
923478 GUCCI WA05LU,6,附图5,https://trivesa.ams3.cdn.digitaloceanspaces.com/products/products/923478%20GUCCI%20WA05LU_3.jpg,923478%20GUCCI%20WA05LU_3.jpg,否,是,pattern_and_analysis,90.0%,2025-09-06 19:14:38
923479 GUCCI WA05LU,1,主图,https://trivesa.ams3.cdn.digitaloceanspaces.com/products/products/923479%20GUCCI%20WA05LU_4.jpg,923479%20GUCCI%20WA05LU_4.jpg,是,是,pattern_and_analysis,90.0%,2025-09-06 19:14:38
923479 GUCCI WA05LU,2,附图1,https://trivesa.ams3.cdn.digitaloceanspaces.com/products/products/923479%20GUCCI%20WA05LU_5.jpg,923479%20GUCCI%20WA05LU_5.jpg,否,是,pattern_and_analysis,90.0%,2025-09-06 19:14:38
923479 GUCCI WA05LU,3,附图2,https://trivesa.ams3.cdn.digitaloceanspaces.com/products/products/923479%20GUCCI%20WA05LU_6.jpg,923479%20GUCCI%20WA05LU_6.jpg,否,是,pattern_and_analysis,90.0%,2025-09-06 19:14:38
923479 GUCCI WA05LU,4,附图3,https://trivesa.ams3.cdn.digitaloceanspaces.com/products/products/923479%20GUCCI%20WA05LU_7.jpg,923479%20GUCCI%20WA05LU_7.jpg,否,是,pattern_and_analysis,90.0%,2025-09-06 19:14:38
923479 GUCCI WA05LU,5,附图4,https://trivesa.ams3.cdn.digitaloceanspaces.com/products/products/923479%20GUCCI%20WA05LU_2.jpg,923479%20GUCCI%20WA05LU_2.jpg,否,是,pattern_and_analysis,90.0%,2025-09-06 19:14:38
923479 GUCCI WA05LU,6,附图5,https://trivesa.ams3.cdn.digitaloceanspaces.com/products/products/923479%20GUCCI%20WA05LU_3.jpg,923479%20GUCCI%20WA05LU_3.jpg,否,是,pattern_and_analysis,90.0%,2025-09-06 19:14:38
923480 GUCCI WA05LU,1,主图,https://trivesa.ams3.cdn.digitaloceanspaces.com/products/products/923480%20GUCCI%20WA05LU_4.jpg,923480%20GUCCI%20WA05LU_4.jpg,是,是,pattern_and_analysis,90.0%,2025-09-06 19:14:38
923480 GUCCI WA05LU,2,附图1,https://trivesa.ams3.cdn.digitaloceanspaces.com/products/products/923480%20GUCCI%20WA05LU_5.jpg,923480%20GUCCI%20WA05LU_5.jpg,否,是,pattern_and_analysis,90.0%,2025-09-06 19:14:38
923480 GUCCI WA05LU,3,附图2,https://trivesa.ams3.cdn.digitaloceanspaces.com/products/products/923480%20GUCCI%20WA05LU_6.jpg,923480%20GUCCI%20WA05LU_6.jpg,否,是,pattern_and_analysis,90.0%,2025-09-06 19:14:38
923480 GUCCI WA05LU,4,附图3,https://trivesa.ams3.cdn.digitaloceanspaces.com/products/products/923480%20GUCCI%20WA05LU_7.jpg,923480%20GUCCI%20WA05LU_7.jpg,否,是,pattern_and_analysis,90.0%,2025-09-06 19:14:38
923480 GUCCI WA05LU,5,附图4,https://trivesa.ams3.cdn.digitaloceanspaces.com/products/products/923480%20GUCCI%20WA05LU_2.jpg,923480%20GUCCI%20WA05LU_2.jpg,否,是,pattern_and_analysis,90.0%,2025-09-06 19:14:38
923480 GUCCI WA05LU,6,附图5,https://trivesa.ams3.cdn.digitaloceanspaces.com/products/products/923480%20GUCCI%20WA05LU_3.jpg,923480%20GUCCI%20WA05LU_3.jpg,否,是,pattern_and_analysis,90.0%,2025-09-06 19:14:38
923481 GUCCI WA05LU,1,主图,https://trivesa.ams3.cdn.digitaloceanspaces.com/products/products/923481%20GUCCI%20WA05LU_4.jpg,923481%20GUCCI%20WA05LU_4.jpg,是,是,pattern_and_analysis,90.0%,2025-09-06 19:14:38
923481 GUCCI WA05LU,2,附图1,https://trivesa.ams3.cdn.digitaloceanspaces.com/products/products/923481%20GUCCI%20WA05LU_5.jpg,923481%20GUCCI%20WA05LU_5.jpg,否,是,pattern_and_analysis,90.0%,2025-09-06 19:14:38
923481 GUCCI WA05LU,3,附图2,https://trivesa.ams3.cdn.digitaloceanspaces.com/products/products/923481%20GUCCI%20WA05LU_6.jpg,923481%20GUCCI%20WA05LU_6.jpg,否,是,pattern_and_analysis,90.0%,2025-09-06 19:14:38
923481 GUCCI WA05LU,4,附图3,https://trivesa.ams3.cdn.digitaloceanspaces.com/products/products/923481%20GUCCI%20WA05LU_2.jpg,923481%20GUCCI%20WA05LU_2.jpg,否,是,pattern_and_analysis,90.0%,2025-09-06 19:14:38
923481 GUCCI WA05LU,5,附图4,https://trivesa.ams3.cdn.digitaloceanspaces.com/products/products/923481%20GUCCI%20WA05LU_3.jpg,923481%20GUCCI%20WA05LU_3.jpg,否,是,pattern_and_analysis,90.0%,2025-09-06 19:14:38
923482 GUCCI WA05LU,1,主图,https://trivesa.ams3.cdn.digitaloceanspaces.com/products/products/923482%20GUCCI%20WA05LU_1.jpg,923482%20GUCCI%20WA05LU_1.jpg,是,否,insufficient_images,10.0%,2025-09-06 19:14:38
923483 GUCCI WA05LU,1,主图,https://trivesa.ams3.cdn.digitaloceanspaces.com/products/products/923483%20GUCCI%20WA05LU_4.jpg,923483%20GUCCI%20WA05LU_4.jpg,是,是,pattern_and_analysis,90.0%,2025-09-06 19:14:38
923483 GUCCI WA05LU,2,附图1,https://trivesa.ams3.cdn.digitaloceanspaces.com/products/products/923483%20GUCCI%20WA05LU_5.jpg,923483%20GUCCI%20WA05LU_5.jpg,否,是,pattern_and_analysis,90.0%,2025-09-06 19:14:38
923483 GUCCI WA05LU,3,附图2,https://trivesa.ams3.cdn.digitaloceanspaces.com/products/products/923483%20GUCCI%20WA05LU_6.jpg,923483%20GUCCI%20WA05LU_6.jpg,否,是,pattern_and_analysis,90.0%,2025-09-06 19:14:38
923483 GUCCI WA05LU,4,附图3,https://trivesa.ams3.cdn.digitaloceanspaces.com/products/products/923483%20GUCCI%20WA05LU_7.jpg,923483%20GUCCI%20WA05LU_7.jpg,否,是,pattern_and_analysis,90.0%,2025-09-06 19:14:38
923483 GUCCI WA05LU,5,附图4,https://trivesa.ams3.cdn.digitaloceanspaces.com/products/products/923483%20GUCCI%20WA05LU_8.jpg,923483%20GUCCI%20WA05LU_8.jpg,否,是,pattern_and_analysis,90.0%,2025-09-06 19:14:38
923483 GUCCI WA05LU,6,附图5,https://trivesa.ams3.cdn.digitaloceanspaces.com/products/products/923483%20GUCCI%20WA05LU_2.jpg,923483%20GUCCI%20WA05LU_2.jpg,否,是,pattern_and_analysis,90.0%,2025-09-06 19:14:38
923483 GUCCI WA05LU,7,附图6,https://trivesa.ams3.cdn.digitaloceanspaces.com/products/products/923483%20GUCCI%20WA05LU_3.jpg,923483%20GUCCI%20WA05LU_3.jpg,否,是,pattern_and_analysis,90.0%,2025-09-06 19:14:38
923515 GUCCI WA05LU,1,主图,https://trivesa.ams3.cdn.digitaloceanspaces.com/products/products/923515%20GUCCI%20WA05LU_4.jpg,923515%20GUCCI%20WA05LU_4.jpg,是,是,pattern_and_analysis,90.0%,2025-09-06 19:14:38
923515 GUCCI WA05LU,2,附图1,https://trivesa.ams3.cdn.digitaloceanspaces.com/products/products/923515%20GUCCI%20WA05LU_5.jpg,923515%20GUCCI%20WA05LU_5.jpg,否,是,pattern_and_analysis,90.0%,2025-09-06 19:14:38
923515 GUCCI WA05LU,3,附图2,https://trivesa.ams3.cdn.digitaloceanspaces.com/products/products/923515%20GUCCI%20WA05LU_6.jpg,923515%20GUCCI%20WA05LU_6.jpg,否,是,pattern_and_analysis,90.0%,2025-09-06 19:14:38
923515 GUCCI WA05LU,4,附图3,https://trivesa.ams3.cdn.digitaloceanspaces.com/products/products/923515%20GUCCI%20WA05LU_7.jpg,923515%20GUCCI%20WA05LU_7.jpg,否,是,pattern_and_analysis,90.0%,2025-09-06 19:14:38
923515 GUCCI WA05LU,5,附图4,https://trivesa.ams3.cdn.digitaloceanspaces.com/products/products/923515%20GUCCI%20WA05LU_2.jpg,923515%20GUCCI%20WA05LU_2.jpg,否,是,pattern_and_analysis,90.0%,2025-09-06 19:14:38
923515 GUCCI WA05LU,6,附图5,https://trivesa.ams3.cdn.digitaloceanspaces.com/products/products/923515%20GUCCI%20WA05LU_3.jpg,923515%20GUCCI%20WA05LU_3.jpg,否,是,pattern_and_analysis,90.0%,2025-09-06 19:14:38
923516 GUCCI WA05LU,1,主图,https://trivesa.ams3.cdn.digitaloceanspaces.com/products/products/923516%20GUCCI%20WA05LU_4.jpg,923516%20GUCCI%20WA05LU_4.jpg,是,是,pattern_and_analysis,90.0%,2025-09-06 19:14:38
923516 GUCCI WA05LU,2,附图1,https://trivesa.ams3.cdn.digitaloceanspaces.com/products/products/923516%20GUCCI%20WA05LU_5.jpg,923516%20GUCCI%20WA05LU_5.jpg,否,是,pattern_and_analysis,90.0%,2025-09-06 19:14:38
923516 GUCCI WA05LU,3,附图2,https://trivesa.ams3.cdn.digitaloceanspaces.com/products/products/923516%20GUCCI%20WA05LU_6.jpg,923516%20GUCCI%20WA05LU_6.jpg,否,是,pattern_and_analysis,90.0%,2025-09-06 19:14:38
923516 GUCCI WA05LU,4,附图3,https://trivesa.ams3.cdn.digitaloceanspaces.com/products/products/923516%20GUCCI%20WA05LU_7.jpg,923516%20GUCCI%20WA05LU_7.jpg,否,是,pattern_and_analysis,90.0%,2025-09-06 19:14:38
923516 GUCCI WA05LU,5,附图4,https://trivesa.ams3.cdn.digitaloceanspaces.com/products/products/923516%20GUCCI%20WA05LU_2.jpg,923516%20GUCCI%20WA05LU_2.jpg,否,是,pattern_and_analysis,90.0%,2025-09-06 19:14:38
923516 GUCCI WA05LU,6,附图5,https://trivesa.ams3.cdn.digitaloceanspaces.com/products/products/923516%20GUCCI%20WA05LU_3.jpg,923516%20GUCCI%20WA05LU_3.jpg,否,是,pattern_and_analysis,90.0%,2025-09-06 19:14:38
923517 GUCCI WA05LU,1,主图,https://trivesa.ams3.cdn.digitaloceanspaces.com/products/products/923517%20GUCCI%20WA05LU_4.jpg,923517%20GUCCI%20WA05LU_4.jpg,是,是,pattern_and_analysis,90.0%,2025-09-06 19:14:38
923517 GUCCI WA05LU,2,附图1,https://trivesa.ams3.cdn.digitaloceanspaces.com/products/products/923517%20GUCCI%20WA05LU_5.jpg,923517%20GUCCI%20WA05LU_5.jpg,否,是,pattern_and_analysis,90.0%,2025-09-06 19:14:38
923517 GUCCI WA05LU,3,附图2,https://trivesa.ams3.cdn.digitaloceanspaces.com/products/products/923517%20GUCCI%20WA05LU_6.jpg,923517%20GUCCI%20WA05LU_6.jpg,否,是,pattern_and_analysis,90.0%,2025-09-06 19:14:38
923517 GUCCI WA05LU,4,附图3,https://trivesa.ams3.cdn.digitaloceanspaces.com/products/products/923517%20GUCCI%20WA05LU_7.jpg,923517%20GUCCI%20WA05LU_7.jpg,否,是,pattern_and_analysis,90.0%,2025-09-06 19:14:38
923517 GUCCI WA05LU,5,附图4,https://trivesa.ams3.cdn.digitaloceanspaces.com/products/products/923517%20GUCCI%20WA05LU_8.jpg,923517%20GUCCI%20WA05LU_8.jpg,否,是,pattern_and_analysis,90.0%,2025-09-06 19:14:38
923517 GUCCI WA05LU,6,附图5,https://trivesa.ams3.cdn.digitaloceanspaces.com/products/products/923517%20GUCCI%20WA05LU_2.jpg,923517%20GUCCI%20WA05LU_2.jpg,否,是,pattern_and_analysis,90.0%,2025-09-06 19:14:38
923517 GUCCI WA05LU,7,附图6,https://trivesa.ams3.cdn.digitaloceanspaces.com/products/products/923517%20GUCCI%20WA05LU_3.jpg,923517%20GUCCI%20WA05LU_3.jpg,否,是,pattern_and_analysis,90.0%,2025-09-06 19:14:38
923518 GUCCI WA05LU,1,主图,https://trivesa.ams3.cdn.digitaloceanspaces.com/products/products/923518%20GUCCI%20WA05LU_4.jpg,923518%20GUCCI%20WA05LU_4.jpg,是,是,pattern_and_analysis,90.0%,2025-09-06 19:14:38
923518 GUCCI WA05LU,2,附图1,https://trivesa.ams3.cdn.digitaloceanspaces.com/products/products/923518%20GUCCI%20WA05LU_5.jpg,923518%20GUCCI%20WA05LU_5.jpg,否,是,pattern_and_analysis,90.0%,2025-09-06 19:14:38
923518 GUCCI WA05LU,3,附图2,https://trivesa.ams3.cdn.digitaloceanspaces.com/products/products/923518%20GUCCI%20WA05LU_6.jpg,923518%20GUCCI%20WA05LU_6.jpg,否,是,pattern_and_analysis,90.0%,2025-09-06 19:14:38
923518 GUCCI WA05LU,4,附图3,https://trivesa.ams3.cdn.digitaloceanspaces.com/products/products/923518%20GUCCI%20WA05LU_7.jpg,923518%20GUCCI%20WA05LU_7.jpg,否,是,pattern_and_analysis,90.0%,2025-09-06 19:14:38
923518 GUCCI WA05LU,5,附图4,https://trivesa.ams3.cdn.digitaloceanspaces.com/products/products/923518%20GUCCI%20WA05LU_8.jpg,923518%20GUCCI%20WA05LU_8.jpg,否,是,pattern_and_analysis,90.0%,2025-09-06 19:14:38
923518 GUCCI WA05LU,6,附图5,https://trivesa.ams3.cdn.digitaloceanspaces.com/products/products/923518%20GUCCI%20WA05LU_2.jpg,923518%20GUCCI%20WA05LU_2.jpg,否,是,pattern_and_analysis,90.0%,2025-09-06 19:14:38
923518 GUCCI WA05LU,7,附图6,https://trivesa.ams3.cdn.digitaloceanspaces.com/products/products/923518%20GUCCI%20WA05LU_3.jpg,923518%20GUCCI%20WA05LU_3.jpg,否,是,pattern_and_analysis,90.0%,2025-09-06 19:14:38
923519 GUCCI WA05LU,1,主图,https://trivesa.ams3.cdn.digitaloceanspaces.com/products/products/923519%20GUCCI%20WA05LU_4.jpg,923519%20GUCCI%20WA05LU_4.jpg,是,是,pattern_and_analysis,90.0%,2025-09-06 19:14:38
923519 GUCCI WA05LU,2,附图1,https://trivesa.ams3.cdn.digitaloceanspaces.com/products/products/923519%20GUCCI%20WA05LU_5.jpg,923519%20GUCCI%20WA05LU_5.jpg,否,是,pattern_and_analysis,90.0%,2025-09-06 19:14:38
923519 GUCCI WA05LU,3,附图2,https://trivesa.ams3.cdn.digitaloceanspaces.com/products/products/923519%20GUCCI%20WA05LU_6.jpg,923519%20GUCCI%20WA05LU_6.jpg,否,是,pattern_and_analysis,90.0%,2025-09-06 19:14:38
923519 GUCCI WA05LU,4,附图3,https://trivesa.ams3.cdn.digitaloceanspaces.com/products/products/923519%20GUCCI%20WA05LU_7.jpg,923519%20GUCCI%20WA05LU_7.jpg,否,是,pattern_and_analysis,90.0%,2025-09-06 19:14:38
923519 GUCCI WA05LU,5,附图4,https://trivesa.ams3.cdn.digitaloceanspaces.com/products/products/923519%20GUCCI%20WA05LU_8.jpg,923519%20GUCCI%20WA05LU_8.jpg,否,是,pattern_and_analysis,90.0%,2025-09-06 19:14:38
923519 GUCCI WA05LU,6,附图5,https://trivesa.ams3.cdn.digitaloceanspaces.com/products/products/923519%20GUCCI%20WA05LU_2.jpg,923519%20GUCCI%20WA05LU_2.jpg,否,是,pattern_and_analysis,90.0%,2025-09-06 19:14:38
923519 GUCCI WA05LU,7,附图6,https://trivesa.ams3.cdn.digitaloceanspaces.com/products/products/923519%20GUCCI%20WA05LU_3.jpg,923519%20GUCCI%20WA05LU_3.jpg,否,是,pattern_and_analysis,90.0%,2025-09-06 19:14:38
923521 GUCCI WA05LU,1,主图,https://trivesa.ams3.cdn.digitaloceanspaces.com/products/products/923521%20GUCCI%20WA05LU_4.jpg,923521%20GUCCI%20WA05LU_4.jpg,是,是,pattern_and_analysis,90.0%,2025-09-06 19:14:38
923521 GUCCI WA05LU,2,附图1,https://trivesa.ams3.cdn.digitaloceanspaces.com/products/products/923521%20GUCCI%20WA05LU_5.jpg,923521%20GUCCI%20WA05LU_5.jpg,否,是,pattern_and_analysis,90.0%,2025-09-06 19:14:38
923521 GUCCI WA05LU,3,附图2,https://trivesa.ams3.cdn.digitaloceanspaces.com/products/products/923521%20GUCCI%20WA05LU_6.jpg,923521%20GUCCI%20WA05LU_6.jpg,否,是,pattern_and_analysis,90.0%,2025-09-06 19:14:38
923521 GUCCI WA05LU,4,附图3,https://trivesa.ams3.cdn.digitaloceanspaces.com/products/products/923521%20GUCCI%20WA05LU_7.jpg,923521%20GUCCI%20WA05LU_7.jpg,否,是,pattern_and_analysis,90.0%,2025-09-06 19:14:38
923521 GUCCI WA05LU,5,附图4,https://trivesa.ams3.cdn.digitaloceanspaces.com/products/products/923521%20GUCCI%20WA05LU_2.jpg,923521%20GUCCI%20WA05LU_2.jpg,否,是,pattern_and_analysis,90.0%,2025-09-06 19:14:38
923521 GUCCI WA05LU,6,附图5,https://trivesa.ams3.cdn.digitaloceanspaces.com/products/products/923521%20GUCCI%20WA05LU_3.jpg,923521%20GUCCI%20WA05LU_3.jpg,否,是,pattern_and_analysis,90.0%,2025-09-06 19:14:38
923716 GUCCI WA05LU,1,主图,https://trivesa.ams3.cdn.digitaloceanspaces.com/products/products/923716%20GUCCI%20WA05LU_4.jpg,923716%20GUCCI%20WA05LU_4.jpg,是,是,pattern_and_analysis,90.0%,2025-09-06 19:14:38
923716 GUCCI WA05LU,2,附图1,https://trivesa.ams3.cdn.digitaloceanspaces.com/products/products/923716%20GUCCI%20WA05LU_5.jpg,923716%20GUCCI%20WA05LU_5.jpg,否,是,pattern_and_analysis,90.0%,2025-09-06 19:14:38
923716 GUCCI WA05LU,3,附图2,https://trivesa.ams3.cdn.digitaloceanspaces.com/products/products/923716%20GUCCI%20WA05LU_6.jpg,923716%20GUCCI%20WA05LU_6.jpg,否,是,pattern_and_analysis,90.0%,2025-09-06 19:14:38
923716 GUCCI WA05LU,4,附图3,https://trivesa.ams3.cdn.digitaloceanspaces.com/products/products/923716%20GUCCI%20WA05LU_7.jpg,923716%20GUCCI%20WA05LU_7.jpg,否,是,pattern_and_analysis,90.0%,2025-09-06 19:14:38
923716 GUCCI WA05LU,5,附图4,https://trivesa.ams3.cdn.digitaloceanspaces.com/products/products/923716%20GUCCI%20WA05LU_2.jpg,923716%20GUCCI%20WA05LU_2.jpg,否,是,pattern_and_analysis,90.0%,2025-09-06 19:14:38
923716 GUCCI WA05LU,6,附图5,https://trivesa.ams3.cdn.digitaloceanspaces.com/products/products/923716%20GUCCI%20WA05LU_3.jpg,923716%20GUCCI%20WA05LU_3.jpg,否,是,pattern_and_analysis,90.0%,2025-09-06 19:14:38
923717 GUCCI WA05LU,1,主图,https://trivesa.ams3.cdn.digitaloceanspaces.com/products/products/923717%20GUCCI%20WA05LU_4.jpg,923717%20GUCCI%20WA05LU_4.jpg,是,是,pattern_and_analysis,90.0%,2025-09-06 19:14:38
923717 GUCCI WA05LU,2,附图1,https://trivesa.ams3.cdn.digitaloceanspaces.com/products/products/923717%20GUCCI%20WA05LU_5.jpg,923717%20GUCCI%20WA05LU_5.jpg,否,是,pattern_and_analysis,90.0%,2025-09-06 19:14:38
923717 GUCCI WA05LU,3,附图2,https://trivesa.ams3.cdn.digitaloceanspaces.com/products/products/923717%20GUCCI%20WA05LU_2.jpg,923717%20GUCCI%20WA05LU_2.jpg,否,是,pattern_and_analysis,90.0%,2025-09-06 19:14:38
923717 GUCCI WA05LU,4,附图3,https://trivesa.ams3.cdn.digitaloceanspaces.com/products/products/923717%20GUCCI%20WA05LU_3.jpg,923717%20GUCCI%20WA05LU_3.jpg,否,是,pattern_and_analysis,90.0%,2025-09-06 19:14:38
923718 GUCCI WA05LU,1,主图,https://trivesa.ams3.cdn.digitaloceanspaces.com/products/products/923718%20GUCCI%20WA05LU_4.jpg,923718%20GUCCI%20WA05LU_4.jpg,是,是,pattern_and_analysis,90.0%,2025-09-06 19:14:38
923718 GUCCI WA05LU,2,附图1,https://trivesa.ams3.cdn.digitaloceanspaces.com/products/products/923718%20GUCCI%20WA05LU_5.jpg,923718%20GUCCI%20WA05LU_5.jpg,否,是,pattern_and_analysis,90.0%,2025-09-06 19:14:38
923718 GUCCI WA05LU,3,附图2,https://trivesa.ams3.cdn.digitaloceanspaces.com/products/products/923718%20GUCCI%20WA05LU_6.jpg,923718%20GUCCI%20WA05LU_6.jpg,否,是,pattern_and_analysis,90.0%,2025-09-06 19:14:38
923718 GUCCI WA05LU,4,附图3,https://trivesa.ams3.cdn.digitaloceanspaces.com/products/products/923718%20GUCCI%20WA05LU_7.jpg,923718%20GUCCI%20WA05LU_7.jpg,否,是,pattern_and_analysis,90.0%,2025-09-06 19:14:38
923718 GUCCI WA05LU,5,附图4,https://trivesa.ams3.cdn.digitaloceanspaces.com/products/products/923718%20GUCCI%20WA05LU_2.jpg,923718%20GUCCI%20WA05LU_2.jpg,否,是,pattern_and_analysis,90.0%,2025-09-06 19:14:38
923718 GUCCI WA05LU,6,附图5,https://trivesa.ams3.cdn.digitaloceanspaces.com/products/products/923718%20GUCCI%20WA05LU_3.jpg,923718%20GUCCI%20WA05LU_3.jpg,否,是,pattern_and_analysis,90.0%,2025-09-06 19:14:38
923719 GUCCI WA05LU,1,主图,https://trivesa.ams3.cdn.digitaloceanspaces.com/products/products/923719%20GUCCI%20WA05LU_4.jpg,923719%20GUCCI%20WA05LU_4.jpg,是,是,pattern_and_analysis,90.0%,2025-09-06 19:14:38
923719 GUCCI WA05LU,2,附图1,https://trivesa.ams3.cdn.digitaloceanspaces.com/products/products/923719%20GUCCI%20WA05LU_5.jpg,923719%20GUCCI%20WA05LU_5.jpg,否,是,pattern_and_analysis,90.0%,2025-09-06 19:14:38
923719 GUCCI WA05LU,3,附图2,https://trivesa.ams3.cdn.digitaloceanspaces.com/products/products/923719%20GUCCI%20WA05LU_6.jpg,923719%20GUCCI%20WA05LU_6.jpg,否,是,pattern_and_analysis,90.0%,2025-09-06 19:14:38
923719 GUCCI WA05LU,4,附图3,https://trivesa.ams3.cdn.digitaloceanspaces.com/products/products/923719%20GUCCI%20WA05LU_7.jpg,923719%20GUCCI%20WA05LU_7.jpg,否,是,pattern_and_analysis,90.0%,2025-09-06 19:14:38
923719 GUCCI WA05LU,5,附图4,https://trivesa.ams3.cdn.digitaloceanspaces.com/products/products/923719%20GUCCI%20WA05LU_2.jpg,923719%20GUCCI%20WA05LU_2.jpg,否,是,pattern_and_analysis,90.0%,2025-09-06 19:14:38
923719 GUCCI WA05LU,6,附图5,https://trivesa.ams3.cdn.digitaloceanspaces.com/products/products/923719%20GUCCI%20WA05LU_3.jpg,923719%20GUCCI%20WA05LU_3.jpg,否,是,pattern_and_analysis,90.0%,2025-09-06 19:14:38
923720 GUCCI WA05LU,1,主图,https://trivesa.ams3.cdn.digitaloceanspaces.com/products/products/923720%20GUCCI%20WA05LU_4.jpg,923720%20GUCCI%20WA05LU_4.jpg,是,是,pattern_and_analysis,90.0%,2025-09-06 19:14:38
923720 GUCCI WA05LU,2,附图1,https://trivesa.ams3.cdn.digitaloceanspaces.com/products/products/923720%20GUCCI%20WA05LU_5.jpg,923720%20GUCCI%20WA05LU_5.jpg,否,是,pattern_and_analysis,90.0%,2025-09-06 19:14:38
923720 GUCCI WA05LU,3,附图2,https://trivesa.ams3.cdn.digitaloceanspaces.com/products/products/923720%20GUCCI%20WA05LU_6.jpg,923720%20GUCCI%20WA05LU_6.jpg,否,是,pattern_and_analysis,90.0%,2025-09-06 19:14:38
923720 GUCCI WA05LU,4,附图3,https://trivesa.ams3.cdn.digitaloceanspaces.com/products/products/923720%20GUCCI%20WA05LU_7.jpg,923720%20GUCCI%20WA05LU_7.jpg,否,是,pattern_and_analysis,90.0%,2025-09-06 19:14:38
923720 GUCCI WA05LU,5,附图4,https://trivesa.ams3.cdn.digitaloceanspaces.com/products/products/923720%20GUCCI%20WA05LU_8.jpg,923720%20GUCCI%20WA05LU_8.jpg,否,是,pattern_and_analysis,90.0%,2025-09-06 19:14:38
923720 GUCCI WA05LU,6,附图5,https://trivesa.ams3.cdn.digitaloceanspaces.com/products/products/923720%20GUCCI%20WA05LU_2.jpg,923720%20GUCCI%20WA05LU_2.jpg,否,是,pattern_and_analysis,90.0%,2025-09-06 19:14:38
923720 GUCCI WA05LU,7,附图6,https://trivesa.ams3.cdn.digitaloceanspaces.com/products/products/923720%20GUCCI%20WA05LU_3.jpg,923720%20GUCCI%20WA05LU_3.jpg,否,是,pattern_and_analysis,90.0%,2025-09-06 19:14:38
923721 GUCCI WA05LU,1,主图,https://trivesa.ams3.cdn.digitaloceanspaces.com/products/products/923721%20GUCCI%20WA05LU_4.jpg,923721%20GUCCI%20WA05LU_4.jpg,是,是,pattern_and_analysis,90.0%,2025-09-06 19:14:38
923721 GUCCI WA05LU,2,附图1,https://trivesa.ams3.cdn.digitaloceanspaces.com/products/products/923721%20GUCCI%20WA05LU_5.jpg,923721%20GUCCI%20WA05LU_5.jpg,否,是,pattern_and_analysis,90.0%,2025-09-06 19:14:38
923721 GUCCI WA05LU,3,附图2,https://trivesa.ams3.cdn.digitaloceanspaces.com/products/products/923721%20GUCCI%20WA05LU_6.jpg,923721%20GUCCI%20WA05LU_6.jpg,否,是,pattern_and_analysis,90.0%,2025-09-06 19:14:38
923721 GUCCI WA05LU,4,附图3,https://trivesa.ams3.cdn.digitaloceanspaces.com/products/products/923721%20GUCCI%20WA05LU_2.jpg,923721%20GUCCI%20WA05LU_2.jpg,否,是,pattern_and_analysis,90.0%,2025-09-06 19:14:38
923721 GUCCI WA05LU,5,附图4,https://trivesa.ams3.cdn.digitaloceanspaces.com/products/products/923721%20GUCCI%20WA05LU_3.jpg,923721%20GUCCI%20WA05LU_3.jpg,否,是,pattern_and_analysis,90.0%,2025-09-06 19:14:38
