产品编号,图片数量,主图URL,展示图片URLs,所有图片URLs,品牌标签,检测方法,置信度,主图优化,处理时间,文件夹名称
802419 RENE WS04SH,10,https://trivesa.ams3.cdn.digitaloceanspaces.com/products/products/802419%20RENE%20WS04SH_4.jpg,https://trivesa.ams3.cdn.digitaloceanspaces.com/products/products/802419%20RENE%20WS04SH_5.jpg | https://trivesa.ams3.cdn.digitaloceanspaces.com/products/products/802419%20RENE%20WS04SH_6.jpg | https://trivesa.ams3.cdn.digitaloceanspaces.com/products/products/802419%20RENE%20WS04SH_7.jpg | https://trivesa.ams3.cdn.digitaloceanspaces.com/products/products/802419%20RENE%20WS04SH_8.jpg | https://trivesa.ams3.cdn.digitaloceanspaces.com/products/products/802419%20RENE%20WS04SH_9.jpg | https://trivesa.ams3.cdn.digitaloceanspaces.com/products/products/802419%20RENE%20WS04SH_10.jpg | https://trivesa.ams3.cdn.digitaloceanspaces.com/products/products/802419%20RENE%20WS04SH_11.jpg | https://trivesa.ams3.cdn.digitaloceanspaces.com/products/products/802419%20RENE%20WS04SH_2.jpg | https://trivesa.ams3.cdn.digitaloceanspaces.com/products/products/802419%20RENE%20WS04SH_3.jpg,https://trivesa.ams3.cdn.digitaloceanspaces.com/products/products/802419%20RENE%20WS04SH_4.jpg | https://trivesa.ams3.cdn.digitaloceanspaces.com/products/products/802419%20RENE%20WS04SH_5.jpg | https://trivesa.ams3.cdn.digitaloceanspaces.com/products/products/802419%20RENE%20WS04SH_6.jpg | https://trivesa.ams3.cdn.digitaloceanspaces.com/products/products/802419%20RENE%20WS04SH_7.jpg | https://trivesa.ams3.cdn.digitaloceanspaces.com/products/products/802419%20RENE%20WS04SH_8.jpg | https://trivesa.ams3.cdn.digitaloceanspaces.com/products/products/802419%20RENE%20WS04SH_9.jpg | https://trivesa.ams3.cdn.digitaloceanspaces.com/products/products/802419%20RENE%20WS04SH_10.jpg | https://trivesa.ams3.cdn.digitaloceanspaces.com/products/products/802419%20RENE%20WS04SH_11.jpg | https://trivesa.ams3.cdn.digitaloceanspaces.com/products/products/802419%20RENE%20WS04SH_2.jpg | https://trivesa.ams3.cdn.digitaloceanspaces.com/products/products/802419%20RENE%20WS04SH_3.jpg,是,pattern_and_analysis,90.0%,否,2025-09-06 19:14:38,products
802551 RENE WS04SH,8,https://trivesa.ams3.cdn.digitaloceanspaces.com/products/products/802551%20RENE%20WS04SH_4.jpg,https://trivesa.ams3.cdn.digitaloceanspaces.com/products/products/802551%20RENE%20WS04SH_5.jpg | https://trivesa.ams3.cdn.digitaloceanspaces.com/products/products/802551%20RENE%20WS04SH_6.jpg | https://trivesa.ams3.cdn.digitaloceanspaces.com/products/products/802551%20RENE%20WS04SH_7.jpg | https://trivesa.ams3.cdn.digitaloceanspaces.com/products/products/802551%20RENE%20WS04SH_8.jpg | https://trivesa.ams3.cdn.digitaloceanspaces.com/products/products/802551%20RENE%20WS04SH_9.jpg | https://trivesa.ams3.cdn.digitaloceanspaces.com/products/products/802551%20RENE%20WS04SH_2.jpg | https://trivesa.ams3.cdn.digitaloceanspaces.com/products/products/802551%20RENE%20WS04SH_3.jpg,https://trivesa.ams3.cdn.digitaloceanspaces.com/products/products/802551%20RENE%20WS04SH_4.jpg | https://trivesa.ams3.cdn.digitaloceanspaces.com/products/products/802551%20RENE%20WS04SH_5.jpg | https://trivesa.ams3.cdn.digitaloceanspaces.com/products/products/802551%20RENE%20WS04SH_6.jpg | https://trivesa.ams3.cdn.digitaloceanspaces.com/products/products/802551%20RENE%20WS04SH_7.jpg | https://trivesa.ams3.cdn.digitaloceanspaces.com/products/products/802551%20RENE%20WS04SH_8.jpg | https://trivesa.ams3.cdn.digitaloceanspaces.com/products/products/802551%20RENE%20WS04SH_9.jpg | https://trivesa.ams3.cdn.digitaloceanspaces.com/products/products/802551%20RENE%20WS04SH_2.jpg | https://trivesa.ams3.cdn.digitaloceanspaces.com/products/products/802551%20RENE%20WS04SH_3.jpg,是,pattern_and_analysis,90.0%,否,2025-09-06 19:14:38,products
802554 RENE WS04SH,27,https://trivesa.ams3.cdn.digitaloceanspaces.com/products/products/802554%20RENE%20WS04SH_4.jpg,https://trivesa.ams3.cdn.digitaloceanspaces.com/products/products/802554%20RENE%20WS04SH_5.jpg | https://trivesa.ams3.cdn.digitaloceanspaces.com/products/products/802554%20RENE%20WS04SH_6.jpg | https://trivesa.ams3.cdn.digitaloceanspaces.com/products/products/802554%20RENE%20WS04SH_7.jpg | https://trivesa.ams3.cdn.digitaloceanspaces.com/products/products/802554%20RENE%20WS04SH_8.jpg | https://trivesa.ams3.cdn.digitaloceanspaces.com/products/products/802554%20RENE%20WS04SH_9.jpg | https://trivesa.ams3.cdn.digitaloceanspaces.com/products/products/802554%20RENE%20WS04SH_10.jpg | https://trivesa.ams3.cdn.digitaloceanspaces.com/products/products/802554%20RENE%20WS04SH_11.jpg | https://trivesa.ams3.cdn.digitaloceanspaces.com/products/products/802554%20RENE%20WS04SH_12.jpg | https://trivesa.ams3.cdn.digitaloceanspaces.com/products/products/802554%20RENE%20WS04SH_13.jpg | https://trivesa.ams3.cdn.digitaloceanspaces.com/products/products/802554%20RENE%20WS04SH_14.jpg | https://trivesa.ams3.cdn.digitaloceanspaces.com/products/products/802554%20RENE%20WS04SH_15.jpg | https://trivesa.ams3.cdn.digitaloceanspaces.com/products/products/802554%20RENE%20WS04SH_16.jpg | https://trivesa.ams3.cdn.digitaloceanspaces.com/products/products/802554%20RENE%20WS04SH_17.jpg | https://trivesa.ams3.cdn.digitaloceanspaces.com/products/products/802554%20RENE%20WS04SH_18.jpg | https://trivesa.ams3.cdn.digitaloceanspaces.com/products/products/802554%20RENE%20WS04SH_19.jpg | https://trivesa.ams3.cdn.digitaloceanspaces.com/products/products/802554%20RENE%20WS04SH_20.jpg | https://trivesa.ams3.cdn.digitaloceanspaces.com/products/products/802554%20RENE%20WS04SH_21.jpg | https://trivesa.ams3.cdn.digitaloceanspaces.com/products/products/802554%20RENE%20WS04SH_22.jpg | https://trivesa.ams3.cdn.digitaloceanspaces.com/products/products/802554%20RENE%20WS04SH_23.jpg | https://trivesa.ams3.cdn.digitaloceanspaces.com/products/products/802554%20RENE%20WS04SH_24.jpg | https://trivesa.ams3.cdn.digitaloceanspaces.com/products/products/802554%20RENE%20WS04SH_25.jpg | https://trivesa.ams3.cdn.digitaloceanspaces.com/products/products/802554%20RENE%20WS04SH_26.jpg | https://trivesa.ams3.cdn.digitaloceanspaces.com/products/products/802554%20RENE%20WS04SH_27.jpg | https://trivesa.ams3.cdn.digitaloceanspaces.com/products/products/802554%20RENE%20WS04SH_28.jpg | https://trivesa.ams3.cdn.digitaloceanspaces.com/products/products/802554%20RENE%20WS04SH_2.jpg | https://trivesa.ams3.cdn.digitaloceanspaces.com/products/products/802554%20RENE%20WS04SH_3.jpg,https://trivesa.ams3.cdn.digitaloceanspaces.com/products/products/802554%20RENE%20WS04SH_4.jpg | https://trivesa.ams3.cdn.digitaloceanspaces.com/products/products/802554%20RENE%20WS04SH_5.jpg | https://trivesa.ams3.cdn.digitaloceanspaces.com/products/products/802554%20RENE%20WS04SH_6.jpg | https://trivesa.ams3.cdn.digitaloceanspaces.com/products/products/802554%20RENE%20WS04SH_7.jpg | https://trivesa.ams3.cdn.digitaloceanspaces.com/products/products/802554%20RENE%20WS04SH_8.jpg | https://trivesa.ams3.cdn.digitaloceanspaces.com/products/products/802554%20RENE%20WS04SH_9.jpg | https://trivesa.ams3.cdn.digitaloceanspaces.com/products/products/802554%20RENE%20WS04SH_10.jpg | https://trivesa.ams3.cdn.digitaloceanspaces.com/products/products/802554%20RENE%20WS04SH_11.jpg | https://trivesa.ams3.cdn.digitaloceanspaces.com/products/products/802554%20RENE%20WS04SH_12.jpg | https://trivesa.ams3.cdn.digitaloceanspaces.com/products/products/802554%20RENE%20WS04SH_13.jpg | https://trivesa.ams3.cdn.digitaloceanspaces.com/products/products/802554%20RENE%20WS04SH_14.jpg | https://trivesa.ams3.cdn.digitaloceanspaces.com/products/products/802554%20RENE%20WS04SH_15.jpg | https://trivesa.ams3.cdn.digitaloceanspaces.com/products/products/802554%20RENE%20WS04SH_16.jpg | https://trivesa.ams3.cdn.digitaloceanspaces.com/products/products/802554%20RENE%20WS04SH_17.jpg | https://trivesa.ams3.cdn.digitaloceanspaces.com/products/products/802554%20RENE%20WS04SH_18.jpg | https://trivesa.ams3.cdn.digitaloceanspaces.com/products/products/802554%20RENE%20WS04SH_19.jpg | https://trivesa.ams3.cdn.digitaloceanspaces.com/products/products/802554%20RENE%20WS04SH_20.jpg | https://trivesa.ams3.cdn.digitaloceanspaces.com/products/products/802554%20RENE%20WS04SH_21.jpg | https://trivesa.ams3.cdn.digitaloceanspaces.com/products/products/802554%20RENE%20WS04SH_22.jpg | https://trivesa.ams3.cdn.digitaloceanspaces.com/products/products/802554%20RENE%20WS04SH_23.jpg | https://trivesa.ams3.cdn.digitaloceanspaces.com/products/products/802554%20RENE%20WS04SH_24.jpg | https://trivesa.ams3.cdn.digitaloceanspaces.com/products/products/802554%20RENE%20WS04SH_25.jpg | https://trivesa.ams3.cdn.digitaloceanspaces.com/products/products/802554%20RENE%20WS04SH_26.jpg | https://trivesa.ams3.cdn.digitaloceanspaces.com/products/products/802554%20RENE%20WS04SH_27.jpg | https://trivesa.ams3.cdn.digitaloceanspaces.com/products/products/802554%20RENE%20WS04SH_28.jpg | https://trivesa.ams3.cdn.digitaloceanspaces.com/products/products/802554%20RENE%20WS04SH_2.jpg | https://trivesa.ams3.cdn.digitaloceanspaces.com/products/products/802554%20RENE%20WS04SH_3.jpg,是,pattern_and_analysis,90.0%,否,2025-09-06 19:14:38,products
802555 RENE WS04SH,9,https://trivesa.ams3.cdn.digitaloceanspaces.com/products/products/802555%20RENE%20WS04SH_4.jpg,https://trivesa.ams3.cdn.digitaloceanspaces.com/products/products/802555%20RENE%20WS04SH_5.jpg | https://trivesa.ams3.cdn.digitaloceanspaces.com/products/products/802555%20RENE%20WS04SH_6.jpg | https://trivesa.ams3.cdn.digitaloceanspaces.com/products/products/802555%20RENE%20WS04SH_7.jpg | https://trivesa.ams3.cdn.digitaloceanspaces.com/products/products/802555%20RENE%20WS04SH_8.jpg | https://trivesa.ams3.cdn.digitaloceanspaces.com/products/products/802555%20RENE%20WS04SH_9.jpg | https://trivesa.ams3.cdn.digitaloceanspaces.com/products/products/802555%20RENE%20WS04SH_10.jpg | https://trivesa.ams3.cdn.digitaloceanspaces.com/products/products/802555%20RENE%20WS04SH_2.jpg | https://trivesa.ams3.cdn.digitaloceanspaces.com/products/products/802555%20RENE%20WS04SH_3.jpg,https://trivesa.ams3.cdn.digitaloceanspaces.com/products/products/802555%20RENE%20WS04SH_4.jpg | https://trivesa.ams3.cdn.digitaloceanspaces.com/products/products/802555%20RENE%20WS04SH_5.jpg | https://trivesa.ams3.cdn.digitaloceanspaces.com/products/products/802555%20RENE%20WS04SH_6.jpg | https://trivesa.ams3.cdn.digitaloceanspaces.com/products/products/802555%20RENE%20WS04SH_7.jpg | https://trivesa.ams3.cdn.digitaloceanspaces.com/products/products/802555%20RENE%20WS04SH_8.jpg | https://trivesa.ams3.cdn.digitaloceanspaces.com/products/products/802555%20RENE%20WS04SH_9.jpg | https://trivesa.ams3.cdn.digitaloceanspaces.com/products/products/802555%20RENE%20WS04SH_10.jpg | https://trivesa.ams3.cdn.digitaloceanspaces.com/products/products/802555%20RENE%20WS04SH_2.jpg | https://trivesa.ams3.cdn.digitaloceanspaces.com/products/products/802555%20RENE%20WS04SH_3.jpg,是,pattern_and_analysis,90.0%,否,2025-09-06 19:14:38,products
802556 RENE WS04SH,12,https://trivesa.ams3.cdn.digitaloceanspaces.com/products/products/802556%20RENE%20WS04SH_4.jpg,https://trivesa.ams3.cdn.digitaloceanspaces.com/products/products/802556%20RENE%20WS04SH_5.jpg | https://trivesa.ams3.cdn.digitaloceanspaces.com/products/products/802556%20RENE%20WS04SH_6.jpg | https://trivesa.ams3.cdn.digitaloceanspaces.com/products/products/802556%20RENE%20WS04SH_7.jpg | https://trivesa.ams3.cdn.digitaloceanspaces.com/products/products/802556%20RENE%20WS04SH_8.jpg | https://trivesa.ams3.cdn.digitaloceanspaces.com/products/products/802556%20RENE%20WS04SH_9.jpg | https://trivesa.ams3.cdn.digitaloceanspaces.com/products/products/802556%20RENE%20WS04SH_10.jpg | https://trivesa.ams3.cdn.digitaloceanspaces.com/products/products/802556%20RENE%20WS04SH_11.jpg | https://trivesa.ams3.cdn.digitaloceanspaces.com/products/products/802556%20RENE%20WS04SH_12.jpg | https://trivesa.ams3.cdn.digitaloceanspaces.com/products/products/802556%20RENE%20WS04SH_13.jpg | https://trivesa.ams3.cdn.digitaloceanspaces.com/products/products/802556%20RENE%20WS04SH_2.jpg | https://trivesa.ams3.cdn.digitaloceanspaces.com/products/products/802556%20RENE%20WS04SH_3.jpg,https://trivesa.ams3.cdn.digitaloceanspaces.com/products/products/802556%20RENE%20WS04SH_4.jpg | https://trivesa.ams3.cdn.digitaloceanspaces.com/products/products/802556%20RENE%20WS04SH_5.jpg | https://trivesa.ams3.cdn.digitaloceanspaces.com/products/products/802556%20RENE%20WS04SH_6.jpg | https://trivesa.ams3.cdn.digitaloceanspaces.com/products/products/802556%20RENE%20WS04SH_7.jpg | https://trivesa.ams3.cdn.digitaloceanspaces.com/products/products/802556%20RENE%20WS04SH_8.jpg | https://trivesa.ams3.cdn.digitaloceanspaces.com/products/products/802556%20RENE%20WS04SH_9.jpg | https://trivesa.ams3.cdn.digitaloceanspaces.com/products/products/802556%20RENE%20WS04SH_10.jpg | https://trivesa.ams3.cdn.digitaloceanspaces.com/products/products/802556%20RENE%20WS04SH_11.jpg | https://trivesa.ams3.cdn.digitaloceanspaces.com/products/products/802556%20RENE%20WS04SH_12.jpg | https://trivesa.ams3.cdn.digitaloceanspaces.com/products/products/802556%20RENE%20WS04SH_13.jpg | https://trivesa.ams3.cdn.digitaloceanspaces.com/products/products/802556%20RENE%20WS04SH_2.jpg | https://trivesa.ams3.cdn.digitaloceanspaces.com/products/products/802556%20RENE%20WS04SH_3.jpg,是,pattern_and_analysis,90.0%,否,2025-09-06 19:14:38,products
802557 RENE WS04SH,9,https://trivesa.ams3.cdn.digitaloceanspaces.com/products/products/802557%20RENE%20WS04SH_4.jpg,https://trivesa.ams3.cdn.digitaloceanspaces.com/products/products/802557%20RENE%20WS04SH_5.jpg | https://trivesa.ams3.cdn.digitaloceanspaces.com/products/products/802557%20RENE%20WS04SH_6.jpg | https://trivesa.ams3.cdn.digitaloceanspaces.com/products/products/802557%20RENE%20WS04SH_7.jpg | https://trivesa.ams3.cdn.digitaloceanspaces.com/products/products/802557%20RENE%20WS04SH_8.jpg | https://trivesa.ams3.cdn.digitaloceanspaces.com/products/products/802557%20RENE%20WS04SH_9.jpg | https://trivesa.ams3.cdn.digitaloceanspaces.com/products/products/802557%20RENE%20WS04SH_10.jpg | https://trivesa.ams3.cdn.digitaloceanspaces.com/products/products/802557%20RENE%20WS04SH_2.jpg | https://trivesa.ams3.cdn.digitaloceanspaces.com/products/products/802557%20RENE%20WS04SH_3.jpg,https://trivesa.ams3.cdn.digitaloceanspaces.com/products/products/802557%20RENE%20WS04SH_4.jpg | https://trivesa.ams3.cdn.digitaloceanspaces.com/products/products/802557%20RENE%20WS04SH_5.jpg | https://trivesa.ams3.cdn.digitaloceanspaces.com/products/products/802557%20RENE%20WS04SH_6.jpg | https://trivesa.ams3.cdn.digitaloceanspaces.com/products/products/802557%20RENE%20WS04SH_7.jpg | https://trivesa.ams3.cdn.digitaloceanspaces.com/products/products/802557%20RENE%20WS04SH_8.jpg | https://trivesa.ams3.cdn.digitaloceanspaces.com/products/products/802557%20RENE%20WS04SH_9.jpg | https://trivesa.ams3.cdn.digitaloceanspaces.com/products/products/802557%20RENE%20WS04SH_10.jpg | https://trivesa.ams3.cdn.digitaloceanspaces.com/products/products/802557%20RENE%20WS04SH_2.jpg | https://trivesa.ams3.cdn.digitaloceanspaces.com/products/products/802557%20RENE%20WS04SH_3.jpg,是,pattern_and_analysis,90.0%,否,2025-09-06 19:14:38,products
802558 RENE WS04SH,10,https://trivesa.ams3.cdn.digitaloceanspaces.com/products/products/802558%20RENE%20WS04SH_4.jpg,https://trivesa.ams3.cdn.digitaloceanspaces.com/products/products/802558%20RENE%20WS04SH_5.jpg | https://trivesa.ams3.cdn.digitaloceanspaces.com/products/products/802558%20RENE%20WS04SH_6.jpg | https://trivesa.ams3.cdn.digitaloceanspaces.com/products/products/802558%20RENE%20WS04SH_7.jpg | https://trivesa.ams3.cdn.digitaloceanspaces.com/products/products/802558%20RENE%20WS04SH_8.jpg | https://trivesa.ams3.cdn.digitaloceanspaces.com/products/products/802558%20RENE%20WS04SH_9.jpg | https://trivesa.ams3.cdn.digitaloceanspaces.com/products/products/802558%20RENE%20WS04SH_10.jpg | https://trivesa.ams3.cdn.digitaloceanspaces.com/products/products/802558%20RENE%20WS04SH_11.jpg | https://trivesa.ams3.cdn.digitaloceanspaces.com/products/products/802558%20RENE%20WS04SH_2.jpg | https://trivesa.ams3.cdn.digitaloceanspaces.com/products/products/802558%20RENE%20WS04SH_3.jpg,https://trivesa.ams3.cdn.digitaloceanspaces.com/products/products/802558%20RENE%20WS04SH_4.jpg | https://trivesa.ams3.cdn.digitaloceanspaces.com/products/products/802558%20RENE%20WS04SH_5.jpg | https://trivesa.ams3.cdn.digitaloceanspaces.com/products/products/802558%20RENE%20WS04SH_6.jpg | https://trivesa.ams3.cdn.digitaloceanspaces.com/products/products/802558%20RENE%20WS04SH_7.jpg | https://trivesa.ams3.cdn.digitaloceanspaces.com/products/products/802558%20RENE%20WS04SH_8.jpg | https://trivesa.ams3.cdn.digitaloceanspaces.com/products/products/802558%20RENE%20WS04SH_9.jpg | https://trivesa.ams3.cdn.digitaloceanspaces.com/products/products/802558%20RENE%20WS04SH_10.jpg | https://trivesa.ams3.cdn.digitaloceanspaces.com/products/products/802558%20RENE%20WS04SH_11.jpg | https://trivesa.ams3.cdn.digitaloceanspaces.com/products/products/802558%20RENE%20WS04SH_2.jpg | https://trivesa.ams3.cdn.digitaloceanspaces.com/products/products/802558%20RENE%20WS04SH_3.jpg,是,pattern_and_analysis,90.0%,否,2025-09-06 19:14:38,products
802559 RENE WS04SH,10,https://trivesa.ams3.cdn.digitaloceanspaces.com/products/products/802559%20RENE%20WS04SH_4.jpg,https://trivesa.ams3.cdn.digitaloceanspaces.com/products/products/802559%20RENE%20WS04SH_5.jpg | https://trivesa.ams3.cdn.digitaloceanspaces.com/products/products/802559%20RENE%20WS04SH_6.jpg | https://trivesa.ams3.cdn.digitaloceanspaces.com/products/products/802559%20RENE%20WS04SH_7.jpg | https://trivesa.ams3.cdn.digitaloceanspaces.com/products/products/802559%20RENE%20WS04SH_8.jpg | https://trivesa.ams3.cdn.digitaloceanspaces.com/products/products/802559%20RENE%20WS04SH_9.jpg | https://trivesa.ams3.cdn.digitaloceanspaces.com/products/products/802559%20RENE%20WS04SH_10.jpg | https://trivesa.ams3.cdn.digitaloceanspaces.com/products/products/802559%20RENE%20WS04SH_11.jpg | https://trivesa.ams3.cdn.digitaloceanspaces.com/products/products/802559%20RENE%20WS04SH_2.jpg | https://trivesa.ams3.cdn.digitaloceanspaces.com/products/products/802559%20RENE%20WS04SH_3.jpg,https://trivesa.ams3.cdn.digitaloceanspaces.com/products/products/802559%20RENE%20WS04SH_4.jpg | https://trivesa.ams3.cdn.digitaloceanspaces.com/products/products/802559%20RENE%20WS04SH_5.jpg | https://trivesa.ams3.cdn.digitaloceanspaces.com/products/products/802559%20RENE%20WS04SH_6.jpg | https://trivesa.ams3.cdn.digitaloceanspaces.com/products/products/802559%20RENE%20WS04SH_7.jpg | https://trivesa.ams3.cdn.digitaloceanspaces.com/products/products/802559%20RENE%20WS04SH_8.jpg | https://trivesa.ams3.cdn.digitaloceanspaces.com/products/products/802559%20RENE%20WS04SH_9.jpg | https://trivesa.ams3.cdn.digitaloceanspaces.com/products/products/802559%20RENE%20WS04SH_10.jpg | https://trivesa.ams3.cdn.digitaloceanspaces.com/products/products/802559%20RENE%20WS04SH_11.jpg | https://trivesa.ams3.cdn.digitaloceanspaces.com/products/products/802559%20RENE%20WS04SH_2.jpg | https://trivesa.ams3.cdn.digitaloceanspaces.com/products/products/802559%20RENE%20WS04SH_3.jpg,是,pattern_and_analysis,90.0%,否,2025-09-06 19:14:38,products
802561 RENE WS04SH,11,https://trivesa.ams3.cdn.digitaloceanspaces.com/products/products/802561%20RENE%20WS04SH_4.jpg,https://trivesa.ams3.cdn.digitaloceanspaces.com/products/products/802561%20RENE%20WS04SH_5.jpg | https://trivesa.ams3.cdn.digitaloceanspaces.com/products/products/802561%20RENE%20WS04SH_6.jpg | https://trivesa.ams3.cdn.digitaloceanspaces.com/products/products/802561%20RENE%20WS04SH_7.jpg | https://trivesa.ams3.cdn.digitaloceanspaces.com/products/products/802561%20RENE%20WS04SH_8.jpg | https://trivesa.ams3.cdn.digitaloceanspaces.com/products/products/802561%20RENE%20WS04SH_9.jpg | https://trivesa.ams3.cdn.digitaloceanspaces.com/products/products/802561%20RENE%20WS04SH_10.jpg | https://trivesa.ams3.cdn.digitaloceanspaces.com/products/products/802561%20RENE%20WS04SH_11.jpg | https://trivesa.ams3.cdn.digitaloceanspaces.com/products/products/802561%20RENE%20WS04SH_12.jpg | https://trivesa.ams3.cdn.digitaloceanspaces.com/products/products/802561%20RENE%20WS04SH_2.jpg | https://trivesa.ams3.cdn.digitaloceanspaces.com/products/products/802561%20RENE%20WS04SH_3.jpg,https://trivesa.ams3.cdn.digitaloceanspaces.com/products/products/802561%20RENE%20WS04SH_4.jpg | https://trivesa.ams3.cdn.digitaloceanspaces.com/products/products/802561%20RENE%20WS04SH_5.jpg | https://trivesa.ams3.cdn.digitaloceanspaces.com/products/products/802561%20RENE%20WS04SH_6.jpg | https://trivesa.ams3.cdn.digitaloceanspaces.com/products/products/802561%20RENE%20WS04SH_7.jpg | https://trivesa.ams3.cdn.digitaloceanspaces.com/products/products/802561%20RENE%20WS04SH_8.jpg | https://trivesa.ams3.cdn.digitaloceanspaces.com/products/products/802561%20RENE%20WS04SH_9.jpg | https://trivesa.ams3.cdn.digitaloceanspaces.com/products/products/802561%20RENE%20WS04SH_10.jpg | https://trivesa.ams3.cdn.digitaloceanspaces.com/products/products/802561%20RENE%20WS04SH_11.jpg | https://trivesa.ams3.cdn.digitaloceanspaces.com/products/products/802561%20RENE%20WS04SH_12.jpg | https://trivesa.ams3.cdn.digitaloceanspaces.com/products/products/802561%20RENE%20WS04SH_2.jpg | https://trivesa.ams3.cdn.digitaloceanspaces.com/products/products/802561%20RENE%20WS04SH_3.jpg,是,pattern_and_analysis,90.0%,否,2025-09-06 19:14:38,products
802562 RENE WS04SH,10,https://trivesa.ams3.cdn.digitaloceanspaces.com/products/products/802562%20RENE%20WS04SH_4.jpg,https://trivesa.ams3.cdn.digitaloceanspaces.com/products/products/802562%20RENE%20WS04SH_5.jpg | https://trivesa.ams3.cdn.digitaloceanspaces.com/products/products/802562%20RENE%20WS04SH_6.jpg | https://trivesa.ams3.cdn.digitaloceanspaces.com/products/products/802562%20RENE%20WS04SH_7.jpg | https://trivesa.ams3.cdn.digitaloceanspaces.com/products/products/802562%20RENE%20WS04SH_8.jpg | https://trivesa.ams3.cdn.digitaloceanspaces.com/products/products/802562%20RENE%20WS04SH_9.jpg | https://trivesa.ams3.cdn.digitaloceanspaces.com/products/products/802562%20RENE%20WS04SH_10.jpg | https://trivesa.ams3.cdn.digitaloceanspaces.com/products/products/802562%20RENE%20WS04SH_11.jpg | https://trivesa.ams3.cdn.digitaloceanspaces.com/products/products/802562%20RENE%20WS04SH_2.jpg | https://trivesa.ams3.cdn.digitaloceanspaces.com/products/products/802562%20RENE%20WS04SH_3.jpg,https://trivesa.ams3.cdn.digitaloceanspaces.com/products/products/802562%20RENE%20WS04SH_4.jpg | https://trivesa.ams3.cdn.digitaloceanspaces.com/products/products/802562%20RENE%20WS04SH_5.jpg | https://trivesa.ams3.cdn.digitaloceanspaces.com/products/products/802562%20RENE%20WS04SH_6.jpg | https://trivesa.ams3.cdn.digitaloceanspaces.com/products/products/802562%20RENE%20WS04SH_7.jpg | https://trivesa.ams3.cdn.digitaloceanspaces.com/products/products/802562%20RENE%20WS04SH_8.jpg | https://trivesa.ams3.cdn.digitaloceanspaces.com/products/products/802562%20RENE%20WS04SH_9.jpg | https://trivesa.ams3.cdn.digitaloceanspaces.com/products/products/802562%20RENE%20WS04SH_10.jpg | https://trivesa.ams3.cdn.digitaloceanspaces.com/products/products/802562%20RENE%20WS04SH_11.jpg | https://trivesa.ams3.cdn.digitaloceanspaces.com/products/products/802562%20RENE%20WS04SH_2.jpg | https://trivesa.ams3.cdn.digitaloceanspaces.com/products/products/802562%20RENE%20WS04SH_3.jpg,是,pattern_and_analysis,90.0%,否,2025-09-06 19:14:38,products
802563 RENE WS04SH,9,https://trivesa.ams3.cdn.digitaloceanspaces.com/products/products/802563%20RENE%20WS04SH_4.jpg,https://trivesa.ams3.cdn.digitaloceanspaces.com/products/products/802563%20RENE%20WS04SH_5.jpg | https://trivesa.ams3.cdn.digitaloceanspaces.com/products/products/802563%20RENE%20WS04SH_6.jpg | https://trivesa.ams3.cdn.digitaloceanspaces.com/products/products/802563%20RENE%20WS04SH_7.jpg | https://trivesa.ams3.cdn.digitaloceanspaces.com/products/products/802563%20RENE%20WS04SH_8.jpg | https://trivesa.ams3.cdn.digitaloceanspaces.com/products/products/802563%20RENE%20WS04SH_9.jpg | https://trivesa.ams3.cdn.digitaloceanspaces.com/products/products/802563%20RENE%20WS04SH_10.jpg | https://trivesa.ams3.cdn.digitaloceanspaces.com/products/products/802563%20RENE%20WS04SH_2.jpg | https://trivesa.ams3.cdn.digitaloceanspaces.com/products/products/802563%20RENE%20WS04SH_3.jpg,https://trivesa.ams3.cdn.digitaloceanspaces.com/products/products/802563%20RENE%20WS04SH_4.jpg | https://trivesa.ams3.cdn.digitaloceanspaces.com/products/products/802563%20RENE%20WS04SH_5.jpg | https://trivesa.ams3.cdn.digitaloceanspaces.com/products/products/802563%20RENE%20WS04SH_6.jpg | https://trivesa.ams3.cdn.digitaloceanspaces.com/products/products/802563%20RENE%20WS04SH_7.jpg | https://trivesa.ams3.cdn.digitaloceanspaces.com/products/products/802563%20RENE%20WS04SH_8.jpg | https://trivesa.ams3.cdn.digitaloceanspaces.com/products/products/802563%20RENE%20WS04SH_9.jpg | https://trivesa.ams3.cdn.digitaloceanspaces.com/products/products/802563%20RENE%20WS04SH_10.jpg | https://trivesa.ams3.cdn.digitaloceanspaces.com/products/products/802563%20RENE%20WS04SH_2.jpg | https://trivesa.ams3.cdn.digitaloceanspaces.com/products/products/802563%20RENE%20WS04SH_3.jpg,是,pattern_and_analysis,90.0%,否,2025-09-06 19:14:38,products
802564 RENE WS04SH,7,https://trivesa.ams3.cdn.digitaloceanspaces.com/products/products/802564%20RENE%20WS04SH_4.jpg,https://trivesa.ams3.cdn.digitaloceanspaces.com/products/products/802564%20RENE%20WS04SH_5.jpg | https://trivesa.ams3.cdn.digitaloceanspaces.com/products/products/802564%20RENE%20WS04SH_6.jpg | https://trivesa.ams3.cdn.digitaloceanspaces.com/products/products/802564%20RENE%20WS04SH_7.jpg | https://trivesa.ams3.cdn.digitaloceanspaces.com/products/products/802564%20RENE%20WS04SH_8.jpg | https://trivesa.ams3.cdn.digitaloceanspaces.com/products/products/802564%20RENE%20WS04SH_2.jpg | https://trivesa.ams3.cdn.digitaloceanspaces.com/products/products/802564%20RENE%20WS04SH_3.jpg,https://trivesa.ams3.cdn.digitaloceanspaces.com/products/products/802564%20RENE%20WS04SH_4.jpg | https://trivesa.ams3.cdn.digitaloceanspaces.com/products/products/802564%20RENE%20WS04SH_5.jpg | https://trivesa.ams3.cdn.digitaloceanspaces.com/products/products/802564%20RENE%20WS04SH_6.jpg | https://trivesa.ams3.cdn.digitaloceanspaces.com/products/products/802564%20RENE%20WS04SH_7.jpg | https://trivesa.ams3.cdn.digitaloceanspaces.com/products/products/802564%20RENE%20WS04SH_8.jpg | https://trivesa.ams3.cdn.digitaloceanspaces.com/products/products/802564%20RENE%20WS04SH_2.jpg | https://trivesa.ams3.cdn.digitaloceanspaces.com/products/products/802564%20RENE%20WS04SH_3.jpg,是,pattern_and_analysis,90.0%,否,2025-09-06 19:14:38,products
802565 RENE WS04SH,10,https://trivesa.ams3.cdn.digitaloceanspaces.com/products/products/802565%20RENE%20WS04SH_4.jpg,https://trivesa.ams3.cdn.digitaloceanspaces.com/products/products/802565%20RENE%20WS04SH_5.jpg | https://trivesa.ams3.cdn.digitaloceanspaces.com/products/products/802565%20RENE%20WS04SH_6.jpg | https://trivesa.ams3.cdn.digitaloceanspaces.com/products/products/802565%20RENE%20WS04SH_7.jpg | https://trivesa.ams3.cdn.digitaloceanspaces.com/products/products/802565%20RENE%20WS04SH_8.jpg | https://trivesa.ams3.cdn.digitaloceanspaces.com/products/products/802565%20RENE%20WS04SH_9.jpg | https://trivesa.ams3.cdn.digitaloceanspaces.com/products/products/802565%20RENE%20WS04SH_10.jpg | https://trivesa.ams3.cdn.digitaloceanspaces.com/products/products/802565%20RENE%20WS04SH_11.jpg | https://trivesa.ams3.cdn.digitaloceanspaces.com/products/products/802565%20RENE%20WS04SH_2.jpg | https://trivesa.ams3.cdn.digitaloceanspaces.com/products/products/802565%20RENE%20WS04SH_3.jpg,https://trivesa.ams3.cdn.digitaloceanspaces.com/products/products/802565%20RENE%20WS04SH_4.jpg | https://trivesa.ams3.cdn.digitaloceanspaces.com/products/products/802565%20RENE%20WS04SH_5.jpg | https://trivesa.ams3.cdn.digitaloceanspaces.com/products/products/802565%20RENE%20WS04SH_6.jpg | https://trivesa.ams3.cdn.digitaloceanspaces.com/products/products/802565%20RENE%20WS04SH_7.jpg | https://trivesa.ams3.cdn.digitaloceanspaces.com/products/products/802565%20RENE%20WS04SH_8.jpg | https://trivesa.ams3.cdn.digitaloceanspaces.com/products/products/802565%20RENE%20WS04SH_9.jpg | https://trivesa.ams3.cdn.digitaloceanspaces.com/products/products/802565%20RENE%20WS04SH_10.jpg | https://trivesa.ams3.cdn.digitaloceanspaces.com/products/products/802565%20RENE%20WS04SH_11.jpg | https://trivesa.ams3.cdn.digitaloceanspaces.com/products/products/802565%20RENE%20WS04SH_2.jpg | https://trivesa.ams3.cdn.digitaloceanspaces.com/products/products/802565%20RENE%20WS04SH_3.jpg,是,pattern_and_analysis,90.0%,否,2025-09-06 19:14:38,products
802566 RENE WS04SH,14,https://trivesa.ams3.cdn.digitaloceanspaces.com/products/products/802566%20RENE%20WS04SH_4.jpg,https://trivesa.ams3.cdn.digitaloceanspaces.com/products/products/802566%20RENE%20WS04SH_5.jpg | https://trivesa.ams3.cdn.digitaloceanspaces.com/products/products/802566%20RENE%20WS04SH_6.jpg | https://trivesa.ams3.cdn.digitaloceanspaces.com/products/products/802566%20RENE%20WS04SH_7.jpg | https://trivesa.ams3.cdn.digitaloceanspaces.com/products/products/802566%20RENE%20WS04SH_8.jpg | https://trivesa.ams3.cdn.digitaloceanspaces.com/products/products/802566%20RENE%20WS04SH_9.jpg | https://trivesa.ams3.cdn.digitaloceanspaces.com/products/products/802566%20RENE%20WS04SH_10.jpg | https://trivesa.ams3.cdn.digitaloceanspaces.com/products/products/802566%20RENE%20WS04SH_11.jpg | https://trivesa.ams3.cdn.digitaloceanspaces.com/products/products/802566%20RENE%20WS04SH_12.jpg | https://trivesa.ams3.cdn.digitaloceanspaces.com/products/products/802566%20RENE%20WS04SH_13.jpg | https://trivesa.ams3.cdn.digitaloceanspaces.com/products/products/802566%20RENE%20WS04SH_14.jpg | https://trivesa.ams3.cdn.digitaloceanspaces.com/products/products/802566%20RENE%20WS04SH_15.jpg | https://trivesa.ams3.cdn.digitaloceanspaces.com/products/products/802566%20RENE%20WS04SH_2.jpg | https://trivesa.ams3.cdn.digitaloceanspaces.com/products/products/802566%20RENE%20WS04SH_3.jpg,https://trivesa.ams3.cdn.digitaloceanspaces.com/products/products/802566%20RENE%20WS04SH_4.jpg | https://trivesa.ams3.cdn.digitaloceanspaces.com/products/products/802566%20RENE%20WS04SH_5.jpg | https://trivesa.ams3.cdn.digitaloceanspaces.com/products/products/802566%20RENE%20WS04SH_6.jpg | https://trivesa.ams3.cdn.digitaloceanspaces.com/products/products/802566%20RENE%20WS04SH_7.jpg | https://trivesa.ams3.cdn.digitaloceanspaces.com/products/products/802566%20RENE%20WS04SH_8.jpg | https://trivesa.ams3.cdn.digitaloceanspaces.com/products/products/802566%20RENE%20WS04SH_9.jpg | https://trivesa.ams3.cdn.digitaloceanspaces.com/products/products/802566%20RENE%20WS04SH_10.jpg | https://trivesa.ams3.cdn.digitaloceanspaces.com/products/products/802566%20RENE%20WS04SH_11.jpg | https://trivesa.ams3.cdn.digitaloceanspaces.com/products/products/802566%20RENE%20WS04SH_12.jpg | https://trivesa.ams3.cdn.digitaloceanspaces.com/products/products/802566%20RENE%20WS04SH_13.jpg | https://trivesa.ams3.cdn.digitaloceanspaces.com/products/products/802566%20RENE%20WS04SH_14.jpg | https://trivesa.ams3.cdn.digitaloceanspaces.com/products/products/802566%20RENE%20WS04SH_15.jpg | https://trivesa.ams3.cdn.digitaloceanspaces.com/products/products/802566%20RENE%20WS04SH_2.jpg | https://trivesa.ams3.cdn.digitaloceanspaces.com/products/products/802566%20RENE%20WS04SH_3.jpg,是,pattern_and_analysis,90.0%,否,2025-09-06 19:14:38,products
802567 RENE WS04SH,11,https://trivesa.ams3.cdn.digitaloceanspaces.com/products/products/802567%20RENE%20WS04SH_4.jpg,https://trivesa.ams3.cdn.digitaloceanspaces.com/products/products/802567%20RENE%20WS04SH_5.jpg | https://trivesa.ams3.cdn.digitaloceanspaces.com/products/products/802567%20RENE%20WS04SH_6.jpg | https://trivesa.ams3.cdn.digitaloceanspaces.com/products/products/802567%20RENE%20WS04SH_7.jpg | https://trivesa.ams3.cdn.digitaloceanspaces.com/products/products/802567%20RENE%20WS04SH_8.jpg | https://trivesa.ams3.cdn.digitaloceanspaces.com/products/products/802567%20RENE%20WS04SH_9.jpg | https://trivesa.ams3.cdn.digitaloceanspaces.com/products/products/802567%20RENE%20WS04SH_10.jpg | https://trivesa.ams3.cdn.digitaloceanspaces.com/products/products/802567%20RENE%20WS04SH_11.jpg | https://trivesa.ams3.cdn.digitaloceanspaces.com/products/products/802567%20RENE%20WS04SH_12.jpg | https://trivesa.ams3.cdn.digitaloceanspaces.com/products/products/802567%20RENE%20WS04SH_2.jpg | https://trivesa.ams3.cdn.digitaloceanspaces.com/products/products/802567%20RENE%20WS04SH_3.jpg,https://trivesa.ams3.cdn.digitaloceanspaces.com/products/products/802567%20RENE%20WS04SH_4.jpg | https://trivesa.ams3.cdn.digitaloceanspaces.com/products/products/802567%20RENE%20WS04SH_5.jpg | https://trivesa.ams3.cdn.digitaloceanspaces.com/products/products/802567%20RENE%20WS04SH_6.jpg | https://trivesa.ams3.cdn.digitaloceanspaces.com/products/products/802567%20RENE%20WS04SH_7.jpg | https://trivesa.ams3.cdn.digitaloceanspaces.com/products/products/802567%20RENE%20WS04SH_8.jpg | https://trivesa.ams3.cdn.digitaloceanspaces.com/products/products/802567%20RENE%20WS04SH_9.jpg | https://trivesa.ams3.cdn.digitaloceanspaces.com/products/products/802567%20RENE%20WS04SH_10.jpg | https://trivesa.ams3.cdn.digitaloceanspaces.com/products/products/802567%20RENE%20WS04SH_11.jpg | https://trivesa.ams3.cdn.digitaloceanspaces.com/products/products/802567%20RENE%20WS04SH_12.jpg | https://trivesa.ams3.cdn.digitaloceanspaces.com/products/products/802567%20RENE%20WS04SH_2.jpg | https://trivesa.ams3.cdn.digitaloceanspaces.com/products/products/802567%20RENE%20WS04SH_3.jpg,是,pattern_and_analysis,90.0%,否,2025-09-06 19:14:38,products
802947 RENE WS04SE,12,https://trivesa.ams3.cdn.digitaloceanspaces.com/products/products/802947%20RENE%20WS04SE_4.jpg,https://trivesa.ams3.cdn.digitaloceanspaces.com/products/products/802947%20RENE%20WS04SE_5.jpg | https://trivesa.ams3.cdn.digitaloceanspaces.com/products/products/802947%20RENE%20WS04SE_6.jpg | https://trivesa.ams3.cdn.digitaloceanspaces.com/products/products/802947%20RENE%20WS04SE_7.jpg | https://trivesa.ams3.cdn.digitaloceanspaces.com/products/products/802947%20RENE%20WS04SE_8.jpg | https://trivesa.ams3.cdn.digitaloceanspaces.com/products/products/802947%20RENE%20WS04SE_9.jpg | https://trivesa.ams3.cdn.digitaloceanspaces.com/products/products/802947%20RENE%20WS04SE_10.jpg | https://trivesa.ams3.cdn.digitaloceanspaces.com/products/products/802947%20RENE%20WS04SE_11.jpg | https://trivesa.ams3.cdn.digitaloceanspaces.com/products/products/802947%20RENE%20WS04SE_12.jpg | https://trivesa.ams3.cdn.digitaloceanspaces.com/products/products/802947%20RENE%20WS04SE_13.jpg | https://trivesa.ams3.cdn.digitaloceanspaces.com/products/products/802947%20RENE%20WS04SE_2.jpg | https://trivesa.ams3.cdn.digitaloceanspaces.com/products/products/802947%20RENE%20WS04SE_3.jpg,https://trivesa.ams3.cdn.digitaloceanspaces.com/products/products/802947%20RENE%20WS04SE_4.jpg | https://trivesa.ams3.cdn.digitaloceanspaces.com/products/products/802947%20RENE%20WS04SE_5.jpg | https://trivesa.ams3.cdn.digitaloceanspaces.com/products/products/802947%20RENE%20WS04SE_6.jpg | https://trivesa.ams3.cdn.digitaloceanspaces.com/products/products/802947%20RENE%20WS04SE_7.jpg | https://trivesa.ams3.cdn.digitaloceanspaces.com/products/products/802947%20RENE%20WS04SE_8.jpg | https://trivesa.ams3.cdn.digitaloceanspaces.com/products/products/802947%20RENE%20WS04SE_9.jpg | https://trivesa.ams3.cdn.digitaloceanspaces.com/products/products/802947%20RENE%20WS04SE_10.jpg | https://trivesa.ams3.cdn.digitaloceanspaces.com/products/products/802947%20RENE%20WS04SE_11.jpg | https://trivesa.ams3.cdn.digitaloceanspaces.com/products/products/802947%20RENE%20WS04SE_12.jpg | https://trivesa.ams3.cdn.digitaloceanspaces.com/products/products/802947%20RENE%20WS04SE_13.jpg | https://trivesa.ams3.cdn.digitaloceanspaces.com/products/products/802947%20RENE%20WS04SE_2.jpg | https://trivesa.ams3.cdn.digitaloceanspaces.com/products/products/802947%20RENE%20WS04SE_3.jpg,是,pattern_and_analysis,90.0%,否,2025-09-06 19:14:38,products
802948 RENE WS04SE,8,https://trivesa.ams3.cdn.digitaloceanspaces.com/products/products/802948%20RENE%20WS04SE_4.jpg,https://trivesa.ams3.cdn.digitaloceanspaces.com/products/products/802948%20RENE%20WS04SE_5.jpg | https://trivesa.ams3.cdn.digitaloceanspaces.com/products/products/802948%20RENE%20WS04SE_6.jpg | https://trivesa.ams3.cdn.digitaloceanspaces.com/products/products/802948%20RENE%20WS04SE_7.jpg | https://trivesa.ams3.cdn.digitaloceanspaces.com/products/products/802948%20RENE%20WS04SE_8.jpg | https://trivesa.ams3.cdn.digitaloceanspaces.com/products/products/802948%20RENE%20WS04SE_9.jpg | https://trivesa.ams3.cdn.digitaloceanspaces.com/products/products/802948%20RENE%20WS04SE_2.jpg | https://trivesa.ams3.cdn.digitaloceanspaces.com/products/products/802948%20RENE%20WS04SE_3.jpg,https://trivesa.ams3.cdn.digitaloceanspaces.com/products/products/802948%20RENE%20WS04SE_4.jpg | https://trivesa.ams3.cdn.digitaloceanspaces.com/products/products/802948%20RENE%20WS04SE_5.jpg | https://trivesa.ams3.cdn.digitaloceanspaces.com/products/products/802948%20RENE%20WS04SE_6.jpg | https://trivesa.ams3.cdn.digitaloceanspaces.com/products/products/802948%20RENE%20WS04SE_7.jpg | https://trivesa.ams3.cdn.digitaloceanspaces.com/products/products/802948%20RENE%20WS04SE_8.jpg | https://trivesa.ams3.cdn.digitaloceanspaces.com/products/products/802948%20RENE%20WS04SE_9.jpg | https://trivesa.ams3.cdn.digitaloceanspaces.com/products/products/802948%20RENE%20WS04SE_2.jpg | https://trivesa.ams3.cdn.digitaloceanspaces.com/products/products/802948%20RENE%20WS04SE_3.jpg,是,pattern_based,70.0%,否,2025-09-06 19:14:38,products
803409 RENE WS05ER,10,https://trivesa.ams3.cdn.digitaloceanspaces.com/products/products/803409%20RENE%20WS05ER_4.jpg,https://trivesa.ams3.cdn.digitaloceanspaces.com/products/products/803409%20RENE%20WS05ER_5.jpg | https://trivesa.ams3.cdn.digitaloceanspaces.com/products/products/803409%20RENE%20WS05ER_6.jpg | https://trivesa.ams3.cdn.digitaloceanspaces.com/products/products/803409%20RENE%20WS05ER_7.jpg | https://trivesa.ams3.cdn.digitaloceanspaces.com/products/products/803409%20RENE%20WS05ER_8.jpg | https://trivesa.ams3.cdn.digitaloceanspaces.com/products/products/803409%20RENE%20WS05ER_9.jpg | https://trivesa.ams3.cdn.digitaloceanspaces.com/products/products/803409%20RENE%20WS05ER_10.jpg | https://trivesa.ams3.cdn.digitaloceanspaces.com/products/products/803409%20RENE%20WS05ER_11.jpg | https://trivesa.ams3.cdn.digitaloceanspaces.com/products/products/803409%20RENE%20WS05ER_2.jpg | https://trivesa.ams3.cdn.digitaloceanspaces.com/products/products/803409%20RENE%20WS05ER_3.jpg,https://trivesa.ams3.cdn.digitaloceanspaces.com/products/products/803409%20RENE%20WS05ER_4.jpg | https://trivesa.ams3.cdn.digitaloceanspaces.com/products/products/803409%20RENE%20WS05ER_5.jpg | https://trivesa.ams3.cdn.digitaloceanspaces.com/products/products/803409%20RENE%20WS05ER_6.jpg | https://trivesa.ams3.cdn.digitaloceanspaces.com/products/products/803409%20RENE%20WS05ER_7.jpg | https://trivesa.ams3.cdn.digitaloceanspaces.com/products/products/803409%20RENE%20WS05ER_8.jpg | https://trivesa.ams3.cdn.digitaloceanspaces.com/products/products/803409%20RENE%20WS05ER_9.jpg | https://trivesa.ams3.cdn.digitaloceanspaces.com/products/products/803409%20RENE%20WS05ER_10.jpg | https://trivesa.ams3.cdn.digitaloceanspaces.com/products/products/803409%20RENE%20WS05ER_11.jpg | https://trivesa.ams3.cdn.digitaloceanspaces.com/products/products/803409%20RENE%20WS05ER_2.jpg | https://trivesa.ams3.cdn.digitaloceanspaces.com/products/products/803409%20RENE%20WS05ER_3.jpg,是,pattern_based,70.0%,否,2025-09-06 19:14:38,products
803410 RENE WS05ER,10,https://trivesa.ams3.cdn.digitaloceanspaces.com/products/products/803410%20RENE%20WS05ER_4.jpg,https://trivesa.ams3.cdn.digitaloceanspaces.com/products/products/803410%20RENE%20WS05ER_5.jpg | https://trivesa.ams3.cdn.digitaloceanspaces.com/products/products/803410%20RENE%20WS05ER_6.jpg | https://trivesa.ams3.cdn.digitaloceanspaces.com/products/products/803410%20RENE%20WS05ER_7.jpg | https://trivesa.ams3.cdn.digitaloceanspaces.com/products/products/803410%20RENE%20WS05ER_8.jpg | https://trivesa.ams3.cdn.digitaloceanspaces.com/products/products/803410%20RENE%20WS05ER_9.jpg | https://trivesa.ams3.cdn.digitaloceanspaces.com/products/products/803410%20RENE%20WS05ER_10.jpg | https://trivesa.ams3.cdn.digitaloceanspaces.com/products/products/803410%20RENE%20WS05ER_11.jpg | https://trivesa.ams3.cdn.digitaloceanspaces.com/products/products/803410%20RENE%20WS05ER_2.jpg | https://trivesa.ams3.cdn.digitaloceanspaces.com/products/products/803410%20RENE%20WS05ER_3.jpg,https://trivesa.ams3.cdn.digitaloceanspaces.com/products/products/803410%20RENE%20WS05ER_4.jpg | https://trivesa.ams3.cdn.digitaloceanspaces.com/products/products/803410%20RENE%20WS05ER_5.jpg | https://trivesa.ams3.cdn.digitaloceanspaces.com/products/products/803410%20RENE%20WS05ER_6.jpg | https://trivesa.ams3.cdn.digitaloceanspaces.com/products/products/803410%20RENE%20WS05ER_7.jpg | https://trivesa.ams3.cdn.digitaloceanspaces.com/products/products/803410%20RENE%20WS05ER_8.jpg | https://trivesa.ams3.cdn.digitaloceanspaces.com/products/products/803410%20RENE%20WS05ER_9.jpg | https://trivesa.ams3.cdn.digitaloceanspaces.com/products/products/803410%20RENE%20WS05ER_10.jpg | https://trivesa.ams3.cdn.digitaloceanspaces.com/products/products/803410%20RENE%20WS05ER_11.jpg | https://trivesa.ams3.cdn.digitaloceanspaces.com/products/products/803410%20RENE%20WS05ER_2.jpg | https://trivesa.ams3.cdn.digitaloceanspaces.com/products/products/803410%20RENE%20WS05ER_3.jpg,是,pattern_and_analysis,90.0%,否,2025-09-06 19:14:38,products
803448 RENE WS05ER,11,https://trivesa.ams3.cdn.digitaloceanspaces.com/products/products/803448%20RENE%20WS05ER_4.jpg,https://trivesa.ams3.cdn.digitaloceanspaces.com/products/products/803448%20RENE%20WS05ER_5.jpg | https://trivesa.ams3.cdn.digitaloceanspaces.com/products/products/803448%20RENE%20WS05ER_6.jpg | https://trivesa.ams3.cdn.digitaloceanspaces.com/products/products/803448%20RENE%20WS05ER_7.jpg | https://trivesa.ams3.cdn.digitaloceanspaces.com/products/products/803448%20RENE%20WS05ER_8.jpg | https://trivesa.ams3.cdn.digitaloceanspaces.com/products/products/803448%20RENE%20WS05ER_9.jpg | https://trivesa.ams3.cdn.digitaloceanspaces.com/products/products/803448%20RENE%20WS05ER_10.jpg | https://trivesa.ams3.cdn.digitaloceanspaces.com/products/products/803448%20RENE%20WS05ER_11.jpg | https://trivesa.ams3.cdn.digitaloceanspaces.com/products/products/803448%20RENE%20WS05ER_12.jpg | https://trivesa.ams3.cdn.digitaloceanspaces.com/products/products/803448%20RENE%20WS05ER_2.jpg | https://trivesa.ams3.cdn.digitaloceanspaces.com/products/products/803448%20RENE%20WS05ER_3.jpg,https://trivesa.ams3.cdn.digitaloceanspaces.com/products/products/803448%20RENE%20WS05ER_4.jpg | https://trivesa.ams3.cdn.digitaloceanspaces.com/products/products/803448%20RENE%20WS05ER_5.jpg | https://trivesa.ams3.cdn.digitaloceanspaces.com/products/products/803448%20RENE%20WS05ER_6.jpg | https://trivesa.ams3.cdn.digitaloceanspaces.com/products/products/803448%20RENE%20WS05ER_7.jpg | https://trivesa.ams3.cdn.digitaloceanspaces.com/products/products/803448%20RENE%20WS05ER_8.jpg | https://trivesa.ams3.cdn.digitaloceanspaces.com/products/products/803448%20RENE%20WS05ER_9.jpg | https://trivesa.ams3.cdn.digitaloceanspaces.com/products/products/803448%20RENE%20WS05ER_10.jpg | https://trivesa.ams3.cdn.digitaloceanspaces.com/products/products/803448%20RENE%20WS05ER_11.jpg | https://trivesa.ams3.cdn.digitaloceanspaces.com/products/products/803448%20RENE%20WS05ER_12.jpg | https://trivesa.ams3.cdn.digitaloceanspaces.com/products/products/803448%20RENE%20WS05ER_2.jpg | https://trivesa.ams3.cdn.digitaloceanspaces.com/products/products/803448%20RENE%20WS05ER_3.jpg,是,pattern_and_analysis,90.0%,否,2025-09-06 19:14:38,products
803451 RENE WS05ER,11,https://trivesa.ams3.cdn.digitaloceanspaces.com/products/products/803451%20RENE%20WS05ER_4.jpg,https://trivesa.ams3.cdn.digitaloceanspaces.com/products/products/803451%20RENE%20WS05ER_5.jpg | https://trivesa.ams3.cdn.digitaloceanspaces.com/products/products/803451%20RENE%20WS05ER_6.jpg | https://trivesa.ams3.cdn.digitaloceanspaces.com/products/products/803451%20RENE%20WS05ER_7.jpg | https://trivesa.ams3.cdn.digitaloceanspaces.com/products/products/803451%20RENE%20WS05ER_8.jpg | https://trivesa.ams3.cdn.digitaloceanspaces.com/products/products/803451%20RENE%20WS05ER_9.jpg | https://trivesa.ams3.cdn.digitaloceanspaces.com/products/products/803451%20RENE%20WS05ER_10.jpg | https://trivesa.ams3.cdn.digitaloceanspaces.com/products/products/803451%20RENE%20WS05ER_11.jpg | https://trivesa.ams3.cdn.digitaloceanspaces.com/products/products/803451%20RENE%20WS05ER_12.jpg | https://trivesa.ams3.cdn.digitaloceanspaces.com/products/products/803451%20RENE%20WS05ER_2.jpg | https://trivesa.ams3.cdn.digitaloceanspaces.com/products/products/803451%20RENE%20WS05ER_3.jpg,https://trivesa.ams3.cdn.digitaloceanspaces.com/products/products/803451%20RENE%20WS05ER_4.jpg | https://trivesa.ams3.cdn.digitaloceanspaces.com/products/products/803451%20RENE%20WS05ER_5.jpg | https://trivesa.ams3.cdn.digitaloceanspaces.com/products/products/803451%20RENE%20WS05ER_6.jpg | https://trivesa.ams3.cdn.digitaloceanspaces.com/products/products/803451%20RENE%20WS05ER_7.jpg | https://trivesa.ams3.cdn.digitaloceanspaces.com/products/products/803451%20RENE%20WS05ER_8.jpg | https://trivesa.ams3.cdn.digitaloceanspaces.com/products/products/803451%20RENE%20WS05ER_9.jpg | https://trivesa.ams3.cdn.digitaloceanspaces.com/products/products/803451%20RENE%20WS05ER_10.jpg | https://trivesa.ams3.cdn.digitaloceanspaces.com/products/products/803451%20RENE%20WS05ER_11.jpg | https://trivesa.ams3.cdn.digitaloceanspaces.com/products/products/803451%20RENE%20WS05ER_12.jpg | https://trivesa.ams3.cdn.digitaloceanspaces.com/products/products/803451%20RENE%20WS05ER_2.jpg | https://trivesa.ams3.cdn.digitaloceanspaces.com/products/products/803451%20RENE%20WS05ER_3.jpg,是,pattern_and_analysis,90.0%,否,2025-09-06 19:14:38,products
803493 ALEXA WS05SA,20,https://trivesa.ams3.cdn.digitaloceanspaces.com/products/products/803493%20ALEXA%20WS05SA_4.jpg,https://trivesa.ams3.cdn.digitaloceanspaces.com/products/products/803493%20ALEXA%20WS05SA_5.jpg | https://trivesa.ams3.cdn.digitaloceanspaces.com/products/products/803493%20ALEXA%20WS05SA_6.jpg | https://trivesa.ams3.cdn.digitaloceanspaces.com/products/products/803493%20ALEXA%20WS05SA_7.jpg | https://trivesa.ams3.cdn.digitaloceanspaces.com/products/products/803493%20ALEXA%20WS05SA_8.jpg | https://trivesa.ams3.cdn.digitaloceanspaces.com/products/products/803493%20ALEXA%20WS05SA_9.jpg | https://trivesa.ams3.cdn.digitaloceanspaces.com/products/products/803493%20ALEXA%20WS05SA_10.jpg | https://trivesa.ams3.cdn.digitaloceanspaces.com/products/products/803493%20ALEXA%20WS05SA_11.jpg | https://trivesa.ams3.cdn.digitaloceanspaces.com/products/products/803493%20ALEXA%20WS05SA_12.jpg | https://trivesa.ams3.cdn.digitaloceanspaces.com/products/products/803493%20ALEXA%20WS05SA_13.jpg | https://trivesa.ams3.cdn.digitaloceanspaces.com/products/products/803493%20ALEXA%20WS05SA_14.jpg | https://trivesa.ams3.cdn.digitaloceanspaces.com/products/products/803493%20ALEXA%20WS05SA_15.jpg | https://trivesa.ams3.cdn.digitaloceanspaces.com/products/products/803493%20ALEXA%20WS05SA_16.jpg | https://trivesa.ams3.cdn.digitaloceanspaces.com/products/products/803493%20ALEXA%20WS05SA_17.jpg | https://trivesa.ams3.cdn.digitaloceanspaces.com/products/products/803493%20ALEXA%20WS05SA_18.jpg | https://trivesa.ams3.cdn.digitaloceanspaces.com/products/products/803493%20ALEXA%20WS05SA_19.jpg | https://trivesa.ams3.cdn.digitaloceanspaces.com/products/products/803493%20ALEXA%20WS05SA_20.jpg | https://trivesa.ams3.cdn.digitaloceanspaces.com/products/products/803493%20ALEXA%20WS05SA_21.jpg | https://trivesa.ams3.cdn.digitaloceanspaces.com/products/products/803493%20ALEXA%20WS05SA_2.jpg | https://trivesa.ams3.cdn.digitaloceanspaces.com/products/products/803493%20ALEXA%20WS05SA_3.jpg,https://trivesa.ams3.cdn.digitaloceanspaces.com/products/products/803493%20ALEXA%20WS05SA_4.jpg | https://trivesa.ams3.cdn.digitaloceanspaces.com/products/products/803493%20ALEXA%20WS05SA_5.jpg | https://trivesa.ams3.cdn.digitaloceanspaces.com/products/products/803493%20ALEXA%20WS05SA_6.jpg | https://trivesa.ams3.cdn.digitaloceanspaces.com/products/products/803493%20ALEXA%20WS05SA_7.jpg | https://trivesa.ams3.cdn.digitaloceanspaces.com/products/products/803493%20ALEXA%20WS05SA_8.jpg | https://trivesa.ams3.cdn.digitaloceanspaces.com/products/products/803493%20ALEXA%20WS05SA_9.jpg | https://trivesa.ams3.cdn.digitaloceanspaces.com/products/products/803493%20ALEXA%20WS05SA_10.jpg | https://trivesa.ams3.cdn.digitaloceanspaces.com/products/products/803493%20ALEXA%20WS05SA_11.jpg | https://trivesa.ams3.cdn.digitaloceanspaces.com/products/products/803493%20ALEXA%20WS05SA_12.jpg | https://trivesa.ams3.cdn.digitaloceanspaces.com/products/products/803493%20ALEXA%20WS05SA_13.jpg | https://trivesa.ams3.cdn.digitaloceanspaces.com/products/products/803493%20ALEXA%20WS05SA_14.jpg | https://trivesa.ams3.cdn.digitaloceanspaces.com/products/products/803493%20ALEXA%20WS05SA_15.jpg | https://trivesa.ams3.cdn.digitaloceanspaces.com/products/products/803493%20ALEXA%20WS05SA_16.jpg | https://trivesa.ams3.cdn.digitaloceanspaces.com/products/products/803493%20ALEXA%20WS05SA_17.jpg | https://trivesa.ams3.cdn.digitaloceanspaces.com/products/products/803493%20ALEXA%20WS05SA_18.jpg | https://trivesa.ams3.cdn.digitaloceanspaces.com/products/products/803493%20ALEXA%20WS05SA_19.jpg | https://trivesa.ams3.cdn.digitaloceanspaces.com/products/products/803493%20ALEXA%20WS05SA_20.jpg | https://trivesa.ams3.cdn.digitaloceanspaces.com/products/products/803493%20ALEXA%20WS05SA_21.jpg | https://trivesa.ams3.cdn.digitaloceanspaces.com/products/products/803493%20ALEXA%20WS05SA_2.jpg | https://trivesa.ams3.cdn.digitaloceanspaces.com/products/products/803493%20ALEXA%20WS05SA_3.jpg,是,pattern_and_analysis,90.0%,否,2025-09-06 19:14:38,products
923451 GUCCI WA05LU,6,https://trivesa.ams3.cdn.digitaloceanspaces.com/products/products/923451%20GUCCI%20WA05LU_4.jpg,https://trivesa.ams3.cdn.digitaloceanspaces.com/products/products/923451%20GUCCI%20WA05LU_5.jpg | https://trivesa.ams3.cdn.digitaloceanspaces.com/products/products/923451%20GUCCI%20WA05LU_6.jpg | https://trivesa.ams3.cdn.digitaloceanspaces.com/products/products/923451%20GUCCI%20WA05LU_7.jpg | https://trivesa.ams3.cdn.digitaloceanspaces.com/products/products/923451%20GUCCI%20WA05LU_2.jpg | https://trivesa.ams3.cdn.digitaloceanspaces.com/products/products/923451%20GUCCI%20WA05LU_3.jpg,https://trivesa.ams3.cdn.digitaloceanspaces.com/products/products/923451%20GUCCI%20WA05LU_4.jpg | https://trivesa.ams3.cdn.digitaloceanspaces.com/products/products/923451%20GUCCI%20WA05LU_5.jpg | https://trivesa.ams3.cdn.digitaloceanspaces.com/products/products/923451%20GUCCI%20WA05LU_6.jpg | https://trivesa.ams3.cdn.digitaloceanspaces.com/products/products/923451%20GUCCI%20WA05LU_7.jpg | https://trivesa.ams3.cdn.digitaloceanspaces.com/products/products/923451%20GUCCI%20WA05LU_2.jpg | https://trivesa.ams3.cdn.digitaloceanspaces.com/products/products/923451%20GUCCI%20WA05LU_3.jpg,是,pattern_and_analysis,90.0%,否,2025-09-06 19:14:38,products
923452 GUCCI WA05LU,7,https://trivesa.ams3.cdn.digitaloceanspaces.com/products/products/923452%20GUCCI%20WA05LU_4.jpg,https://trivesa.ams3.cdn.digitaloceanspaces.com/products/products/923452%20GUCCI%20WA05LU_5.jpg | https://trivesa.ams3.cdn.digitaloceanspaces.com/products/products/923452%20GUCCI%20WA05LU_6.jpg | https://trivesa.ams3.cdn.digitaloceanspaces.com/products/products/923452%20GUCCI%20WA05LU_7.jpg | https://trivesa.ams3.cdn.digitaloceanspaces.com/products/products/923452%20GUCCI%20WA05LU_8.jpg | https://trivesa.ams3.cdn.digitaloceanspaces.com/products/products/923452%20GUCCI%20WA05LU_2.jpg | https://trivesa.ams3.cdn.digitaloceanspaces.com/products/products/923452%20GUCCI%20WA05LU_3.jpg,https://trivesa.ams3.cdn.digitaloceanspaces.com/products/products/923452%20GUCCI%20WA05LU_4.jpg | https://trivesa.ams3.cdn.digitaloceanspaces.com/products/products/923452%20GUCCI%20WA05LU_5.jpg | https://trivesa.ams3.cdn.digitaloceanspaces.com/products/products/923452%20GUCCI%20WA05LU_6.jpg | https://trivesa.ams3.cdn.digitaloceanspaces.com/products/products/923452%20GUCCI%20WA05LU_7.jpg | https://trivesa.ams3.cdn.digitaloceanspaces.com/products/products/923452%20GUCCI%20WA05LU_8.jpg | https://trivesa.ams3.cdn.digitaloceanspaces.com/products/products/923452%20GUCCI%20WA05LU_2.jpg | https://trivesa.ams3.cdn.digitaloceanspaces.com/products/products/923452%20GUCCI%20WA05LU_3.jpg,是,pattern_and_analysis,90.0%,否,2025-09-06 19:14:38,products
923453 GUCCI WA05LU,6,https://trivesa.ams3.cdn.digitaloceanspaces.com/products/products/923453%20GUCCI%20WA05LU_4.jpg,https://trivesa.ams3.cdn.digitaloceanspaces.com/products/products/923453%20GUCCI%20WA05LU_5.jpg | https://trivesa.ams3.cdn.digitaloceanspaces.com/products/products/923453%20GUCCI%20WA05LU_6.jpg | https://trivesa.ams3.cdn.digitaloceanspaces.com/products/products/923453%20GUCCI%20WA05LU_7.jpg | https://trivesa.ams3.cdn.digitaloceanspaces.com/products/products/923453%20GUCCI%20WA05LU_2.jpg | https://trivesa.ams3.cdn.digitaloceanspaces.com/products/products/923453%20GUCCI%20WA05LU_3.jpg,https://trivesa.ams3.cdn.digitaloceanspaces.com/products/products/923453%20GUCCI%20WA05LU_4.jpg | https://trivesa.ams3.cdn.digitaloceanspaces.com/products/products/923453%20GUCCI%20WA05LU_5.jpg | https://trivesa.ams3.cdn.digitaloceanspaces.com/products/products/923453%20GUCCI%20WA05LU_6.jpg | https://trivesa.ams3.cdn.digitaloceanspaces.com/products/products/923453%20GUCCI%20WA05LU_7.jpg | https://trivesa.ams3.cdn.digitaloceanspaces.com/products/products/923453%20GUCCI%20WA05LU_2.jpg | https://trivesa.ams3.cdn.digitaloceanspaces.com/products/products/923453%20GUCCI%20WA05LU_3.jpg,是,pattern_and_analysis,90.0%,否,2025-09-06 19:14:38,products
923454 GUCCI WA05LU,7,https://trivesa.ams3.cdn.digitaloceanspaces.com/products/products/923454%20GUCCI%20WA05LU_4.jpg,https://trivesa.ams3.cdn.digitaloceanspaces.com/products/products/923454%20GUCCI%20WA05LU_5.jpg | https://trivesa.ams3.cdn.digitaloceanspaces.com/products/products/923454%20GUCCI%20WA05LU_6.jpg | https://trivesa.ams3.cdn.digitaloceanspaces.com/products/products/923454%20GUCCI%20WA05LU_7.jpg | https://trivesa.ams3.cdn.digitaloceanspaces.com/products/products/923454%20GUCCI%20WA05LU_8.jpg | https://trivesa.ams3.cdn.digitaloceanspaces.com/products/products/923454%20GUCCI%20WA05LU_2.jpg | https://trivesa.ams3.cdn.digitaloceanspaces.com/products/products/923454%20GUCCI%20WA05LU_3.jpg,https://trivesa.ams3.cdn.digitaloceanspaces.com/products/products/923454%20GUCCI%20WA05LU_4.jpg | https://trivesa.ams3.cdn.digitaloceanspaces.com/products/products/923454%20GUCCI%20WA05LU_5.jpg | https://trivesa.ams3.cdn.digitaloceanspaces.com/products/products/923454%20GUCCI%20WA05LU_6.jpg | https://trivesa.ams3.cdn.digitaloceanspaces.com/products/products/923454%20GUCCI%20WA05LU_7.jpg | https://trivesa.ams3.cdn.digitaloceanspaces.com/products/products/923454%20GUCCI%20WA05LU_8.jpg | https://trivesa.ams3.cdn.digitaloceanspaces.com/products/products/923454%20GUCCI%20WA05LU_2.jpg | https://trivesa.ams3.cdn.digitaloceanspaces.com/products/products/923454%20GUCCI%20WA05LU_3.jpg,是,pattern_and_analysis,90.0%,否,2025-09-06 19:14:38,products
923455 GUCCI WA05LU,6,https://trivesa.ams3.cdn.digitaloceanspaces.com/products/products/923455%20GUCCI%20WA05LU_4.jpg,https://trivesa.ams3.cdn.digitaloceanspaces.com/products/products/923455%20GUCCI%20WA05LU_5.jpg | https://trivesa.ams3.cdn.digitaloceanspaces.com/products/products/923455%20GUCCI%20WA05LU_6.jpg | https://trivesa.ams3.cdn.digitaloceanspaces.com/products/products/923455%20GUCCI%20WA05LU_7.jpg | https://trivesa.ams3.cdn.digitaloceanspaces.com/products/products/923455%20GUCCI%20WA05LU_2.jpg | https://trivesa.ams3.cdn.digitaloceanspaces.com/products/products/923455%20GUCCI%20WA05LU_3.jpg,https://trivesa.ams3.cdn.digitaloceanspaces.com/products/products/923455%20GUCCI%20WA05LU_4.jpg | https://trivesa.ams3.cdn.digitaloceanspaces.com/products/products/923455%20GUCCI%20WA05LU_5.jpg | https://trivesa.ams3.cdn.digitaloceanspaces.com/products/products/923455%20GUCCI%20WA05LU_6.jpg | https://trivesa.ams3.cdn.digitaloceanspaces.com/products/products/923455%20GUCCI%20WA05LU_7.jpg | https://trivesa.ams3.cdn.digitaloceanspaces.com/products/products/923455%20GUCCI%20WA05LU_2.jpg | https://trivesa.ams3.cdn.digitaloceanspaces.com/products/products/923455%20GUCCI%20WA05LU_3.jpg,是,pattern_and_analysis,90.0%,否,2025-09-06 19:14:38,products
923456 GUCCI WA05LU,6,https://trivesa.ams3.cdn.digitaloceanspaces.com/products/products/923456%20GUCCI%20WA05LU_4.jpg,https://trivesa.ams3.cdn.digitaloceanspaces.com/products/products/923456%20GUCCI%20WA05LU_5.jpg | https://trivesa.ams3.cdn.digitaloceanspaces.com/products/products/923456%20GUCCI%20WA05LU_6.jpg | https://trivesa.ams3.cdn.digitaloceanspaces.com/products/products/923456%20GUCCI%20WA05LU_7.jpg | https://trivesa.ams3.cdn.digitaloceanspaces.com/products/products/923456%20GUCCI%20WA05LU_2.jpg | https://trivesa.ams3.cdn.digitaloceanspaces.com/products/products/923456%20GUCCI%20WA05LU_3.jpg,https://trivesa.ams3.cdn.digitaloceanspaces.com/products/products/923456%20GUCCI%20WA05LU_4.jpg | https://trivesa.ams3.cdn.digitaloceanspaces.com/products/products/923456%20GUCCI%20WA05LU_5.jpg | https://trivesa.ams3.cdn.digitaloceanspaces.com/products/products/923456%20GUCCI%20WA05LU_6.jpg | https://trivesa.ams3.cdn.digitaloceanspaces.com/products/products/923456%20GUCCI%20WA05LU_7.jpg | https://trivesa.ams3.cdn.digitaloceanspaces.com/products/products/923456%20GUCCI%20WA05LU_2.jpg | https://trivesa.ams3.cdn.digitaloceanspaces.com/products/products/923456%20GUCCI%20WA05LU_3.jpg,是,pattern_and_analysis,90.0%,否,2025-09-06 19:14:38,products
923457 GUCCI WA05LU,7,https://trivesa.ams3.cdn.digitaloceanspaces.com/products/products/923457%20GUCCI%20WA05LU_4.jpg,https://trivesa.ams3.cdn.digitaloceanspaces.com/products/products/923457%20GUCCI%20WA05LU_5.jpg | https://trivesa.ams3.cdn.digitaloceanspaces.com/products/products/923457%20GUCCI%20WA05LU_6.jpg | https://trivesa.ams3.cdn.digitaloceanspaces.com/products/products/923457%20GUCCI%20WA05LU_7.jpg | https://trivesa.ams3.cdn.digitaloceanspaces.com/products/products/923457%20GUCCI%20WA05LU_8.jpg | https://trivesa.ams3.cdn.digitaloceanspaces.com/products/products/923457%20GUCCI%20WA05LU_2.jpg | https://trivesa.ams3.cdn.digitaloceanspaces.com/products/products/923457%20GUCCI%20WA05LU_3.jpg,https://trivesa.ams3.cdn.digitaloceanspaces.com/products/products/923457%20GUCCI%20WA05LU_4.jpg | https://trivesa.ams3.cdn.digitaloceanspaces.com/products/products/923457%20GUCCI%20WA05LU_5.jpg | https://trivesa.ams3.cdn.digitaloceanspaces.com/products/products/923457%20GUCCI%20WA05LU_6.jpg | https://trivesa.ams3.cdn.digitaloceanspaces.com/products/products/923457%20GUCCI%20WA05LU_7.jpg | https://trivesa.ams3.cdn.digitaloceanspaces.com/products/products/923457%20GUCCI%20WA05LU_8.jpg | https://trivesa.ams3.cdn.digitaloceanspaces.com/products/products/923457%20GUCCI%20WA05LU_2.jpg | https://trivesa.ams3.cdn.digitaloceanspaces.com/products/products/923457%20GUCCI%20WA05LU_3.jpg,是,pattern_and_analysis,90.0%,否,2025-09-06 19:14:38,products
923458 GUCCI WA05LU,13,https://trivesa.ams3.cdn.digitaloceanspaces.com/products/products/923458%20GUCCI%20WA05LU_4.jpg,https://trivesa.ams3.cdn.digitaloceanspaces.com/products/products/923458%20GUCCI%20WA05LU_5.jpg | https://trivesa.ams3.cdn.digitaloceanspaces.com/products/products/923458%20GUCCI%20WA05LU_6.jpg | https://trivesa.ams3.cdn.digitaloceanspaces.com/products/products/923458%20GUCCI%20WA05LU_7.jpg | https://trivesa.ams3.cdn.digitaloceanspaces.com/products/products/923458%20GUCCI%20WA05LU_8.jpg | https://trivesa.ams3.cdn.digitaloceanspaces.com/products/products/923458%20GUCCI%20WA05LU_9.jpg | https://trivesa.ams3.cdn.digitaloceanspaces.com/products/products/923458%20GUCCI%20WA05LU_10.jpg | https://trivesa.ams3.cdn.digitaloceanspaces.com/products/products/923458%20GUCCI%20WA05LU_11.jpg | https://trivesa.ams3.cdn.digitaloceanspaces.com/products/products/923458%20GUCCI%20WA05LU_12.jpg | https://trivesa.ams3.cdn.digitaloceanspaces.com/products/products/923458%20GUCCI%20WA05LU_13.jpg | https://trivesa.ams3.cdn.digitaloceanspaces.com/products/products/923458%20GUCCI%20WA05LU_14.jpg | https://trivesa.ams3.cdn.digitaloceanspaces.com/products/products/923458%20GUCCI%20WA05LU_2.jpg | https://trivesa.ams3.cdn.digitaloceanspaces.com/products/products/923458%20GUCCI%20WA05LU_3.jpg,https://trivesa.ams3.cdn.digitaloceanspaces.com/products/products/923458%20GUCCI%20WA05LU_4.jpg | https://trivesa.ams3.cdn.digitaloceanspaces.com/products/products/923458%20GUCCI%20WA05LU_5.jpg | https://trivesa.ams3.cdn.digitaloceanspaces.com/products/products/923458%20GUCCI%20WA05LU_6.jpg | https://trivesa.ams3.cdn.digitaloceanspaces.com/products/products/923458%20GUCCI%20WA05LU_7.jpg | https://trivesa.ams3.cdn.digitaloceanspaces.com/products/products/923458%20GUCCI%20WA05LU_8.jpg | https://trivesa.ams3.cdn.digitaloceanspaces.com/products/products/923458%20GUCCI%20WA05LU_9.jpg | https://trivesa.ams3.cdn.digitaloceanspaces.com/products/products/923458%20GUCCI%20WA05LU_10.jpg | https://trivesa.ams3.cdn.digitaloceanspaces.com/products/products/923458%20GUCCI%20WA05LU_11.jpg | https://trivesa.ams3.cdn.digitaloceanspaces.com/products/products/923458%20GUCCI%20WA05LU_12.jpg | https://trivesa.ams3.cdn.digitaloceanspaces.com/products/products/923458%20GUCCI%20WA05LU_13.jpg | https://trivesa.ams3.cdn.digitaloceanspaces.com/products/products/923458%20GUCCI%20WA05LU_14.jpg | https://trivesa.ams3.cdn.digitaloceanspaces.com/products/products/923458%20GUCCI%20WA05LU_2.jpg | https://trivesa.ams3.cdn.digitaloceanspaces.com/products/products/923458%20GUCCI%20WA05LU_3.jpg,是,pattern_and_analysis,90.0%,否,2025-09-06 19:14:38,products
923459 GUCCI WA05LU,6,https://trivesa.ams3.cdn.digitaloceanspaces.com/products/products/923459%20GUCCI%20WA05LU_4.jpg,https://trivesa.ams3.cdn.digitaloceanspaces.com/products/products/923459%20GUCCI%20WA05LU_5.jpg | https://trivesa.ams3.cdn.digitaloceanspaces.com/products/products/923459%20GUCCI%20WA05LU_6.jpg | https://trivesa.ams3.cdn.digitaloceanspaces.com/products/products/923459%20GUCCI%20WA05LU_7.jpg | https://trivesa.ams3.cdn.digitaloceanspaces.com/products/products/923459%20GUCCI%20WA05LU_2.jpg | https://trivesa.ams3.cdn.digitaloceanspaces.com/products/products/923459%20GUCCI%20WA05LU_3.jpg,https://trivesa.ams3.cdn.digitaloceanspaces.com/products/products/923459%20GUCCI%20WA05LU_4.jpg | https://trivesa.ams3.cdn.digitaloceanspaces.com/products/products/923459%20GUCCI%20WA05LU_5.jpg | https://trivesa.ams3.cdn.digitaloceanspaces.com/products/products/923459%20GUCCI%20WA05LU_6.jpg | https://trivesa.ams3.cdn.digitaloceanspaces.com/products/products/923459%20GUCCI%20WA05LU_7.jpg | https://trivesa.ams3.cdn.digitaloceanspaces.com/products/products/923459%20GUCCI%20WA05LU_2.jpg | https://trivesa.ams3.cdn.digitaloceanspaces.com/products/products/923459%20GUCCI%20WA05LU_3.jpg,是,pattern_and_analysis,90.0%,否,2025-09-06 19:14:38,products
923460 GUCCI WA05LU,7,https://trivesa.ams3.cdn.digitaloceanspaces.com/products/products/923460%20GUCCI%20WA05LU_4.jpg,https://trivesa.ams3.cdn.digitaloceanspaces.com/products/products/923460%20GUCCI%20WA05LU_5.jpg | https://trivesa.ams3.cdn.digitaloceanspaces.com/products/products/923460%20GUCCI%20WA05LU_6.jpg | https://trivesa.ams3.cdn.digitaloceanspaces.com/products/products/923460%20GUCCI%20WA05LU_7.jpg | https://trivesa.ams3.cdn.digitaloceanspaces.com/products/products/923460%20GUCCI%20WA05LU_8.jpg | https://trivesa.ams3.cdn.digitaloceanspaces.com/products/products/923460%20GUCCI%20WA05LU_2.jpg | https://trivesa.ams3.cdn.digitaloceanspaces.com/products/products/923460%20GUCCI%20WA05LU_3.jpg,https://trivesa.ams3.cdn.digitaloceanspaces.com/products/products/923460%20GUCCI%20WA05LU_4.jpg | https://trivesa.ams3.cdn.digitaloceanspaces.com/products/products/923460%20GUCCI%20WA05LU_5.jpg | https://trivesa.ams3.cdn.digitaloceanspaces.com/products/products/923460%20GUCCI%20WA05LU_6.jpg | https://trivesa.ams3.cdn.digitaloceanspaces.com/products/products/923460%20GUCCI%20WA05LU_7.jpg | https://trivesa.ams3.cdn.digitaloceanspaces.com/products/products/923460%20GUCCI%20WA05LU_8.jpg | https://trivesa.ams3.cdn.digitaloceanspaces.com/products/products/923460%20GUCCI%20WA05LU_2.jpg | https://trivesa.ams3.cdn.digitaloceanspaces.com/products/products/923460%20GUCCI%20WA05LU_3.jpg,是,pattern_and_analysis,90.0%,否,2025-09-06 19:14:38,products
923461 GUCCI WA05LU,5,https://trivesa.ams3.cdn.digitaloceanspaces.com/products/products/923461%20GUCCI%20WA05LU_4.jpg,https://trivesa.ams3.cdn.digitaloceanspaces.com/products/products/923461%20GUCCI%20WA05LU_5.jpg | https://trivesa.ams3.cdn.digitaloceanspaces.com/products/products/923461%20GUCCI%20WA05LU_6.jpg | https://trivesa.ams3.cdn.digitaloceanspaces.com/products/products/923461%20GUCCI%20WA05LU_2.jpg | https://trivesa.ams3.cdn.digitaloceanspaces.com/products/products/923461%20GUCCI%20WA05LU_3.jpg,https://trivesa.ams3.cdn.digitaloceanspaces.com/products/products/923461%20GUCCI%20WA05LU_4.jpg | https://trivesa.ams3.cdn.digitaloceanspaces.com/products/products/923461%20GUCCI%20WA05LU_5.jpg | https://trivesa.ams3.cdn.digitaloceanspaces.com/products/products/923461%20GUCCI%20WA05LU_6.jpg | https://trivesa.ams3.cdn.digitaloceanspaces.com/products/products/923461%20GUCCI%20WA05LU_2.jpg | https://trivesa.ams3.cdn.digitaloceanspaces.com/products/products/923461%20GUCCI%20WA05LU_3.jpg,是,pattern_and_analysis,90.0%,否,2025-09-06 19:14:38,products
923478 GUCCI WA05LU,6,https://trivesa.ams3.cdn.digitaloceanspaces.com/products/products/923478%20GUCCI%20WA05LU_4.jpg,https://trivesa.ams3.cdn.digitaloceanspaces.com/products/products/923478%20GUCCI%20WA05LU_5.jpg | https://trivesa.ams3.cdn.digitaloceanspaces.com/products/products/923478%20GUCCI%20WA05LU_6.jpg | https://trivesa.ams3.cdn.digitaloceanspaces.com/products/products/923478%20GUCCI%20WA05LU_7.jpg | https://trivesa.ams3.cdn.digitaloceanspaces.com/products/products/923478%20GUCCI%20WA05LU_2.jpg | https://trivesa.ams3.cdn.digitaloceanspaces.com/products/products/923478%20GUCCI%20WA05LU_3.jpg,https://trivesa.ams3.cdn.digitaloceanspaces.com/products/products/923478%20GUCCI%20WA05LU_4.jpg | https://trivesa.ams3.cdn.digitaloceanspaces.com/products/products/923478%20GUCCI%20WA05LU_5.jpg | https://trivesa.ams3.cdn.digitaloceanspaces.com/products/products/923478%20GUCCI%20WA05LU_6.jpg | https://trivesa.ams3.cdn.digitaloceanspaces.com/products/products/923478%20GUCCI%20WA05LU_7.jpg | https://trivesa.ams3.cdn.digitaloceanspaces.com/products/products/923478%20GUCCI%20WA05LU_2.jpg | https://trivesa.ams3.cdn.digitaloceanspaces.com/products/products/923478%20GUCCI%20WA05LU_3.jpg,是,pattern_and_analysis,90.0%,否,2025-09-06 19:14:38,products
923479 GUCCI WA05LU,6,https://trivesa.ams3.cdn.digitaloceanspaces.com/products/products/923479%20GUCCI%20WA05LU_4.jpg,https://trivesa.ams3.cdn.digitaloceanspaces.com/products/products/923479%20GUCCI%20WA05LU_5.jpg | https://trivesa.ams3.cdn.digitaloceanspaces.com/products/products/923479%20GUCCI%20WA05LU_6.jpg | https://trivesa.ams3.cdn.digitaloceanspaces.com/products/products/923479%20GUCCI%20WA05LU_7.jpg | https://trivesa.ams3.cdn.digitaloceanspaces.com/products/products/923479%20GUCCI%20WA05LU_2.jpg | https://trivesa.ams3.cdn.digitaloceanspaces.com/products/products/923479%20GUCCI%20WA05LU_3.jpg,https://trivesa.ams3.cdn.digitaloceanspaces.com/products/products/923479%20GUCCI%20WA05LU_4.jpg | https://trivesa.ams3.cdn.digitaloceanspaces.com/products/products/923479%20GUCCI%20WA05LU_5.jpg | https://trivesa.ams3.cdn.digitaloceanspaces.com/products/products/923479%20GUCCI%20WA05LU_6.jpg | https://trivesa.ams3.cdn.digitaloceanspaces.com/products/products/923479%20GUCCI%20WA05LU_7.jpg | https://trivesa.ams3.cdn.digitaloceanspaces.com/products/products/923479%20GUCCI%20WA05LU_2.jpg | https://trivesa.ams3.cdn.digitaloceanspaces.com/products/products/923479%20GUCCI%20WA05LU_3.jpg,是,pattern_and_analysis,90.0%,否,2025-09-06 19:14:38,products
923480 GUCCI WA05LU,6,https://trivesa.ams3.cdn.digitaloceanspaces.com/products/products/923480%20GUCCI%20WA05LU_4.jpg,https://trivesa.ams3.cdn.digitaloceanspaces.com/products/products/923480%20GUCCI%20WA05LU_5.jpg | https://trivesa.ams3.cdn.digitaloceanspaces.com/products/products/923480%20GUCCI%20WA05LU_6.jpg | https://trivesa.ams3.cdn.digitaloceanspaces.com/products/products/923480%20GUCCI%20WA05LU_7.jpg | https://trivesa.ams3.cdn.digitaloceanspaces.com/products/products/923480%20GUCCI%20WA05LU_2.jpg | https://trivesa.ams3.cdn.digitaloceanspaces.com/products/products/923480%20GUCCI%20WA05LU_3.jpg,https://trivesa.ams3.cdn.digitaloceanspaces.com/products/products/923480%20GUCCI%20WA05LU_4.jpg | https://trivesa.ams3.cdn.digitaloceanspaces.com/products/products/923480%20GUCCI%20WA05LU_5.jpg | https://trivesa.ams3.cdn.digitaloceanspaces.com/products/products/923480%20GUCCI%20WA05LU_6.jpg | https://trivesa.ams3.cdn.digitaloceanspaces.com/products/products/923480%20GUCCI%20WA05LU_7.jpg | https://trivesa.ams3.cdn.digitaloceanspaces.com/products/products/923480%20GUCCI%20WA05LU_2.jpg | https://trivesa.ams3.cdn.digitaloceanspaces.com/products/products/923480%20GUCCI%20WA05LU_3.jpg,是,pattern_and_analysis,90.0%,否,2025-09-06 19:14:38,products
923481 GUCCI WA05LU,5,https://trivesa.ams3.cdn.digitaloceanspaces.com/products/products/923481%20GUCCI%20WA05LU_4.jpg,https://trivesa.ams3.cdn.digitaloceanspaces.com/products/products/923481%20GUCCI%20WA05LU_5.jpg | https://trivesa.ams3.cdn.digitaloceanspaces.com/products/products/923481%20GUCCI%20WA05LU_6.jpg | https://trivesa.ams3.cdn.digitaloceanspaces.com/products/products/923481%20GUCCI%20WA05LU_2.jpg | https://trivesa.ams3.cdn.digitaloceanspaces.com/products/products/923481%20GUCCI%20WA05LU_3.jpg,https://trivesa.ams3.cdn.digitaloceanspaces.com/products/products/923481%20GUCCI%20WA05LU_4.jpg | https://trivesa.ams3.cdn.digitaloceanspaces.com/products/products/923481%20GUCCI%20WA05LU_5.jpg | https://trivesa.ams3.cdn.digitaloceanspaces.com/products/products/923481%20GUCCI%20WA05LU_6.jpg | https://trivesa.ams3.cdn.digitaloceanspaces.com/products/products/923481%20GUCCI%20WA05LU_2.jpg | https://trivesa.ams3.cdn.digitaloceanspaces.com/products/products/923481%20GUCCI%20WA05LU_3.jpg,是,pattern_and_analysis,90.0%,否,2025-09-06 19:14:38,products
923482 GUCCI WA05LU,1,https://trivesa.ams3.cdn.digitaloceanspaces.com/products/products/923482%20GUCCI%20WA05LU_1.jpg,,https://trivesa.ams3.cdn.digitaloceanspaces.com/products/products/923482%20GUCCI%20WA05LU_1.jpg,否,insufficient_images,10.0%,否,2025-09-06 19:14:38,products
923483 GUCCI WA05LU,7,https://trivesa.ams3.cdn.digitaloceanspaces.com/products/products/923483%20GUCCI%20WA05LU_4.jpg,https://trivesa.ams3.cdn.digitaloceanspaces.com/products/products/923483%20GUCCI%20WA05LU_5.jpg | https://trivesa.ams3.cdn.digitaloceanspaces.com/products/products/923483%20GUCCI%20WA05LU_6.jpg | https://trivesa.ams3.cdn.digitaloceanspaces.com/products/products/923483%20GUCCI%20WA05LU_7.jpg | https://trivesa.ams3.cdn.digitaloceanspaces.com/products/products/923483%20GUCCI%20WA05LU_8.jpg | https://trivesa.ams3.cdn.digitaloceanspaces.com/products/products/923483%20GUCCI%20WA05LU_2.jpg | https://trivesa.ams3.cdn.digitaloceanspaces.com/products/products/923483%20GUCCI%20WA05LU_3.jpg,https://trivesa.ams3.cdn.digitaloceanspaces.com/products/products/923483%20GUCCI%20WA05LU_4.jpg | https://trivesa.ams3.cdn.digitaloceanspaces.com/products/products/923483%20GUCCI%20WA05LU_5.jpg | https://trivesa.ams3.cdn.digitaloceanspaces.com/products/products/923483%20GUCCI%20WA05LU_6.jpg | https://trivesa.ams3.cdn.digitaloceanspaces.com/products/products/923483%20GUCCI%20WA05LU_7.jpg | https://trivesa.ams3.cdn.digitaloceanspaces.com/products/products/923483%20GUCCI%20WA05LU_8.jpg | https://trivesa.ams3.cdn.digitaloceanspaces.com/products/products/923483%20GUCCI%20WA05LU_2.jpg | https://trivesa.ams3.cdn.digitaloceanspaces.com/products/products/923483%20GUCCI%20WA05LU_3.jpg,是,pattern_and_analysis,90.0%,否,2025-09-06 19:14:38,products
923515 GUCCI WA05LU,6,https://trivesa.ams3.cdn.digitaloceanspaces.com/products/products/923515%20GUCCI%20WA05LU_4.jpg,https://trivesa.ams3.cdn.digitaloceanspaces.com/products/products/923515%20GUCCI%20WA05LU_5.jpg | https://trivesa.ams3.cdn.digitaloceanspaces.com/products/products/923515%20GUCCI%20WA05LU_6.jpg | https://trivesa.ams3.cdn.digitaloceanspaces.com/products/products/923515%20GUCCI%20WA05LU_7.jpg | https://trivesa.ams3.cdn.digitaloceanspaces.com/products/products/923515%20GUCCI%20WA05LU_2.jpg | https://trivesa.ams3.cdn.digitaloceanspaces.com/products/products/923515%20GUCCI%20WA05LU_3.jpg,https://trivesa.ams3.cdn.digitaloceanspaces.com/products/products/923515%20GUCCI%20WA05LU_4.jpg | https://trivesa.ams3.cdn.digitaloceanspaces.com/products/products/923515%20GUCCI%20WA05LU_5.jpg | https://trivesa.ams3.cdn.digitaloceanspaces.com/products/products/923515%20GUCCI%20WA05LU_6.jpg | https://trivesa.ams3.cdn.digitaloceanspaces.com/products/products/923515%20GUCCI%20WA05LU_7.jpg | https://trivesa.ams3.cdn.digitaloceanspaces.com/products/products/923515%20GUCCI%20WA05LU_2.jpg | https://trivesa.ams3.cdn.digitaloceanspaces.com/products/products/923515%20GUCCI%20WA05LU_3.jpg,是,pattern_and_analysis,90.0%,否,2025-09-06 19:14:38,products
923516 GUCCI WA05LU,6,https://trivesa.ams3.cdn.digitaloceanspaces.com/products/products/923516%20GUCCI%20WA05LU_4.jpg,https://trivesa.ams3.cdn.digitaloceanspaces.com/products/products/923516%20GUCCI%20WA05LU_5.jpg | https://trivesa.ams3.cdn.digitaloceanspaces.com/products/products/923516%20GUCCI%20WA05LU_6.jpg | https://trivesa.ams3.cdn.digitaloceanspaces.com/products/products/923516%20GUCCI%20WA05LU_7.jpg | https://trivesa.ams3.cdn.digitaloceanspaces.com/products/products/923516%20GUCCI%20WA05LU_2.jpg | https://trivesa.ams3.cdn.digitaloceanspaces.com/products/products/923516%20GUCCI%20WA05LU_3.jpg,https://trivesa.ams3.cdn.digitaloceanspaces.com/products/products/923516%20GUCCI%20WA05LU_4.jpg | https://trivesa.ams3.cdn.digitaloceanspaces.com/products/products/923516%20GUCCI%20WA05LU_5.jpg | https://trivesa.ams3.cdn.digitaloceanspaces.com/products/products/923516%20GUCCI%20WA05LU_6.jpg | https://trivesa.ams3.cdn.digitaloceanspaces.com/products/products/923516%20GUCCI%20WA05LU_7.jpg | https://trivesa.ams3.cdn.digitaloceanspaces.com/products/products/923516%20GUCCI%20WA05LU_2.jpg | https://trivesa.ams3.cdn.digitaloceanspaces.com/products/products/923516%20GUCCI%20WA05LU_3.jpg,是,pattern_and_analysis,90.0%,否,2025-09-06 19:14:38,products
923517 GUCCI WA05LU,7,https://trivesa.ams3.cdn.digitaloceanspaces.com/products/products/923517%20GUCCI%20WA05LU_4.jpg,https://trivesa.ams3.cdn.digitaloceanspaces.com/products/products/923517%20GUCCI%20WA05LU_5.jpg | https://trivesa.ams3.cdn.digitaloceanspaces.com/products/products/923517%20GUCCI%20WA05LU_6.jpg | https://trivesa.ams3.cdn.digitaloceanspaces.com/products/products/923517%20GUCCI%20WA05LU_7.jpg | https://trivesa.ams3.cdn.digitaloceanspaces.com/products/products/923517%20GUCCI%20WA05LU_8.jpg | https://trivesa.ams3.cdn.digitaloceanspaces.com/products/products/923517%20GUCCI%20WA05LU_2.jpg | https://trivesa.ams3.cdn.digitaloceanspaces.com/products/products/923517%20GUCCI%20WA05LU_3.jpg,https://trivesa.ams3.cdn.digitaloceanspaces.com/products/products/923517%20GUCCI%20WA05LU_4.jpg | https://trivesa.ams3.cdn.digitaloceanspaces.com/products/products/923517%20GUCCI%20WA05LU_5.jpg | https://trivesa.ams3.cdn.digitaloceanspaces.com/products/products/923517%20GUCCI%20WA05LU_6.jpg | https://trivesa.ams3.cdn.digitaloceanspaces.com/products/products/923517%20GUCCI%20WA05LU_7.jpg | https://trivesa.ams3.cdn.digitaloceanspaces.com/products/products/923517%20GUCCI%20WA05LU_8.jpg | https://trivesa.ams3.cdn.digitaloceanspaces.com/products/products/923517%20GUCCI%20WA05LU_2.jpg | https://trivesa.ams3.cdn.digitaloceanspaces.com/products/products/923517%20GUCCI%20WA05LU_3.jpg,是,pattern_and_analysis,90.0%,否,2025-09-06 19:14:38,products
923518 GUCCI WA05LU,7,https://trivesa.ams3.cdn.digitaloceanspaces.com/products/products/923518%20GUCCI%20WA05LU_4.jpg,https://trivesa.ams3.cdn.digitaloceanspaces.com/products/products/923518%20GUCCI%20WA05LU_5.jpg | https://trivesa.ams3.cdn.digitaloceanspaces.com/products/products/923518%20GUCCI%20WA05LU_6.jpg | https://trivesa.ams3.cdn.digitaloceanspaces.com/products/products/923518%20GUCCI%20WA05LU_7.jpg | https://trivesa.ams3.cdn.digitaloceanspaces.com/products/products/923518%20GUCCI%20WA05LU_8.jpg | https://trivesa.ams3.cdn.digitaloceanspaces.com/products/products/923518%20GUCCI%20WA05LU_2.jpg | https://trivesa.ams3.cdn.digitaloceanspaces.com/products/products/923518%20GUCCI%20WA05LU_3.jpg,https://trivesa.ams3.cdn.digitaloceanspaces.com/products/products/923518%20GUCCI%20WA05LU_4.jpg | https://trivesa.ams3.cdn.digitaloceanspaces.com/products/products/923518%20GUCCI%20WA05LU_5.jpg | https://trivesa.ams3.cdn.digitaloceanspaces.com/products/products/923518%20GUCCI%20WA05LU_6.jpg | https://trivesa.ams3.cdn.digitaloceanspaces.com/products/products/923518%20GUCCI%20WA05LU_7.jpg | https://trivesa.ams3.cdn.digitaloceanspaces.com/products/products/923518%20GUCCI%20WA05LU_8.jpg | https://trivesa.ams3.cdn.digitaloceanspaces.com/products/products/923518%20GUCCI%20WA05LU_2.jpg | https://trivesa.ams3.cdn.digitaloceanspaces.com/products/products/923518%20GUCCI%20WA05LU_3.jpg,是,pattern_and_analysis,90.0%,否,2025-09-06 19:14:38,products
923519 GUCCI WA05LU,7,https://trivesa.ams3.cdn.digitaloceanspaces.com/products/products/923519%20GUCCI%20WA05LU_4.jpg,https://trivesa.ams3.cdn.digitaloceanspaces.com/products/products/923519%20GUCCI%20WA05LU_5.jpg | https://trivesa.ams3.cdn.digitaloceanspaces.com/products/products/923519%20GUCCI%20WA05LU_6.jpg | https://trivesa.ams3.cdn.digitaloceanspaces.com/products/products/923519%20GUCCI%20WA05LU_7.jpg | https://trivesa.ams3.cdn.digitaloceanspaces.com/products/products/923519%20GUCCI%20WA05LU_8.jpg | https://trivesa.ams3.cdn.digitaloceanspaces.com/products/products/923519%20GUCCI%20WA05LU_2.jpg | https://trivesa.ams3.cdn.digitaloceanspaces.com/products/products/923519%20GUCCI%20WA05LU_3.jpg,https://trivesa.ams3.cdn.digitaloceanspaces.com/products/products/923519%20GUCCI%20WA05LU_4.jpg | https://trivesa.ams3.cdn.digitaloceanspaces.com/products/products/923519%20GUCCI%20WA05LU_5.jpg | https://trivesa.ams3.cdn.digitaloceanspaces.com/products/products/923519%20GUCCI%20WA05LU_6.jpg | https://trivesa.ams3.cdn.digitaloceanspaces.com/products/products/923519%20GUCCI%20WA05LU_7.jpg | https://trivesa.ams3.cdn.digitaloceanspaces.com/products/products/923519%20GUCCI%20WA05LU_8.jpg | https://trivesa.ams3.cdn.digitaloceanspaces.com/products/products/923519%20GUCCI%20WA05LU_2.jpg | https://trivesa.ams3.cdn.digitaloceanspaces.com/products/products/923519%20GUCCI%20WA05LU_3.jpg,是,pattern_and_analysis,90.0%,否,2025-09-06 19:14:38,products
923521 GUCCI WA05LU,6,https://trivesa.ams3.cdn.digitaloceanspaces.com/products/products/923521%20GUCCI%20WA05LU_4.jpg,https://trivesa.ams3.cdn.digitaloceanspaces.com/products/products/923521%20GUCCI%20WA05LU_5.jpg | https://trivesa.ams3.cdn.digitaloceanspaces.com/products/products/923521%20GUCCI%20WA05LU_6.jpg | https://trivesa.ams3.cdn.digitaloceanspaces.com/products/products/923521%20GUCCI%20WA05LU_7.jpg | https://trivesa.ams3.cdn.digitaloceanspaces.com/products/products/923521%20GUCCI%20WA05LU_2.jpg | https://trivesa.ams3.cdn.digitaloceanspaces.com/products/products/923521%20GUCCI%20WA05LU_3.jpg,https://trivesa.ams3.cdn.digitaloceanspaces.com/products/products/923521%20GUCCI%20WA05LU_4.jpg | https://trivesa.ams3.cdn.digitaloceanspaces.com/products/products/923521%20GUCCI%20WA05LU_5.jpg | https://trivesa.ams3.cdn.digitaloceanspaces.com/products/products/923521%20GUCCI%20WA05LU_6.jpg | https://trivesa.ams3.cdn.digitaloceanspaces.com/products/products/923521%20GUCCI%20WA05LU_7.jpg | https://trivesa.ams3.cdn.digitaloceanspaces.com/products/products/923521%20GUCCI%20WA05LU_2.jpg | https://trivesa.ams3.cdn.digitaloceanspaces.com/products/products/923521%20GUCCI%20WA05LU_3.jpg,是,pattern_and_analysis,90.0%,否,2025-09-06 19:14:38,products
923716 GUCCI WA05LU,6,https://trivesa.ams3.cdn.digitaloceanspaces.com/products/products/923716%20GUCCI%20WA05LU_4.jpg,https://trivesa.ams3.cdn.digitaloceanspaces.com/products/products/923716%20GUCCI%20WA05LU_5.jpg | https://trivesa.ams3.cdn.digitaloceanspaces.com/products/products/923716%20GUCCI%20WA05LU_6.jpg | https://trivesa.ams3.cdn.digitaloceanspaces.com/products/products/923716%20GUCCI%20WA05LU_7.jpg | https://trivesa.ams3.cdn.digitaloceanspaces.com/products/products/923716%20GUCCI%20WA05LU_2.jpg | https://trivesa.ams3.cdn.digitaloceanspaces.com/products/products/923716%20GUCCI%20WA05LU_3.jpg,https://trivesa.ams3.cdn.digitaloceanspaces.com/products/products/923716%20GUCCI%20WA05LU_4.jpg | https://trivesa.ams3.cdn.digitaloceanspaces.com/products/products/923716%20GUCCI%20WA05LU_5.jpg | https://trivesa.ams3.cdn.digitaloceanspaces.com/products/products/923716%20GUCCI%20WA05LU_6.jpg | https://trivesa.ams3.cdn.digitaloceanspaces.com/products/products/923716%20GUCCI%20WA05LU_7.jpg | https://trivesa.ams3.cdn.digitaloceanspaces.com/products/products/923716%20GUCCI%20WA05LU_2.jpg | https://trivesa.ams3.cdn.digitaloceanspaces.com/products/products/923716%20GUCCI%20WA05LU_3.jpg,是,pattern_and_analysis,90.0%,否,2025-09-06 19:14:38,products
923717 GUCCI WA05LU,4,https://trivesa.ams3.cdn.digitaloceanspaces.com/products/products/923717%20GUCCI%20WA05LU_4.jpg,https://trivesa.ams3.cdn.digitaloceanspaces.com/products/products/923717%20GUCCI%20WA05LU_5.jpg | https://trivesa.ams3.cdn.digitaloceanspaces.com/products/products/923717%20GUCCI%20WA05LU_2.jpg | https://trivesa.ams3.cdn.digitaloceanspaces.com/products/products/923717%20GUCCI%20WA05LU_3.jpg,https://trivesa.ams3.cdn.digitaloceanspaces.com/products/products/923717%20GUCCI%20WA05LU_4.jpg | https://trivesa.ams3.cdn.digitaloceanspaces.com/products/products/923717%20GUCCI%20WA05LU_5.jpg | https://trivesa.ams3.cdn.digitaloceanspaces.com/products/products/923717%20GUCCI%20WA05LU_2.jpg | https://trivesa.ams3.cdn.digitaloceanspaces.com/products/products/923717%20GUCCI%20WA05LU_3.jpg,是,pattern_and_analysis,90.0%,否,2025-09-06 19:14:38,products
923718 GUCCI WA05LU,6,https://trivesa.ams3.cdn.digitaloceanspaces.com/products/products/923718%20GUCCI%20WA05LU_4.jpg,https://trivesa.ams3.cdn.digitaloceanspaces.com/products/products/923718%20GUCCI%20WA05LU_5.jpg | https://trivesa.ams3.cdn.digitaloceanspaces.com/products/products/923718%20GUCCI%20WA05LU_6.jpg | https://trivesa.ams3.cdn.digitaloceanspaces.com/products/products/923718%20GUCCI%20WA05LU_7.jpg | https://trivesa.ams3.cdn.digitaloceanspaces.com/products/products/923718%20GUCCI%20WA05LU_2.jpg | https://trivesa.ams3.cdn.digitaloceanspaces.com/products/products/923718%20GUCCI%20WA05LU_3.jpg,https://trivesa.ams3.cdn.digitaloceanspaces.com/products/products/923718%20GUCCI%20WA05LU_4.jpg | https://trivesa.ams3.cdn.digitaloceanspaces.com/products/products/923718%20GUCCI%20WA05LU_5.jpg | https://trivesa.ams3.cdn.digitaloceanspaces.com/products/products/923718%20GUCCI%20WA05LU_6.jpg | https://trivesa.ams3.cdn.digitaloceanspaces.com/products/products/923718%20GUCCI%20WA05LU_7.jpg | https://trivesa.ams3.cdn.digitaloceanspaces.com/products/products/923718%20GUCCI%20WA05LU_2.jpg | https://trivesa.ams3.cdn.digitaloceanspaces.com/products/products/923718%20GUCCI%20WA05LU_3.jpg,是,pattern_and_analysis,90.0%,否,2025-09-06 19:14:38,products
923719 GUCCI WA05LU,6,https://trivesa.ams3.cdn.digitaloceanspaces.com/products/products/923719%20GUCCI%20WA05LU_4.jpg,https://trivesa.ams3.cdn.digitaloceanspaces.com/products/products/923719%20GUCCI%20WA05LU_5.jpg | https://trivesa.ams3.cdn.digitaloceanspaces.com/products/products/923719%20GUCCI%20WA05LU_6.jpg | https://trivesa.ams3.cdn.digitaloceanspaces.com/products/products/923719%20GUCCI%20WA05LU_7.jpg | https://trivesa.ams3.cdn.digitaloceanspaces.com/products/products/923719%20GUCCI%20WA05LU_2.jpg | https://trivesa.ams3.cdn.digitaloceanspaces.com/products/products/923719%20GUCCI%20WA05LU_3.jpg,https://trivesa.ams3.cdn.digitaloceanspaces.com/products/products/923719%20GUCCI%20WA05LU_4.jpg | https://trivesa.ams3.cdn.digitaloceanspaces.com/products/products/923719%20GUCCI%20WA05LU_5.jpg | https://trivesa.ams3.cdn.digitaloceanspaces.com/products/products/923719%20GUCCI%20WA05LU_6.jpg | https://trivesa.ams3.cdn.digitaloceanspaces.com/products/products/923719%20GUCCI%20WA05LU_7.jpg | https://trivesa.ams3.cdn.digitaloceanspaces.com/products/products/923719%20GUCCI%20WA05LU_2.jpg | https://trivesa.ams3.cdn.digitaloceanspaces.com/products/products/923719%20GUCCI%20WA05LU_3.jpg,是,pattern_and_analysis,90.0%,否,2025-09-06 19:14:38,products
923720 GUCCI WA05LU,7,https://trivesa.ams3.cdn.digitaloceanspaces.com/products/products/923720%20GUCCI%20WA05LU_4.jpg,https://trivesa.ams3.cdn.digitaloceanspaces.com/products/products/923720%20GUCCI%20WA05LU_5.jpg | https://trivesa.ams3.cdn.digitaloceanspaces.com/products/products/923720%20GUCCI%20WA05LU_6.jpg | https://trivesa.ams3.cdn.digitaloceanspaces.com/products/products/923720%20GUCCI%20WA05LU_7.jpg | https://trivesa.ams3.cdn.digitaloceanspaces.com/products/products/923720%20GUCCI%20WA05LU_8.jpg | https://trivesa.ams3.cdn.digitaloceanspaces.com/products/products/923720%20GUCCI%20WA05LU_2.jpg | https://trivesa.ams3.cdn.digitaloceanspaces.com/products/products/923720%20GUCCI%20WA05LU_3.jpg,https://trivesa.ams3.cdn.digitaloceanspaces.com/products/products/923720%20GUCCI%20WA05LU_4.jpg | https://trivesa.ams3.cdn.digitaloceanspaces.com/products/products/923720%20GUCCI%20WA05LU_5.jpg | https://trivesa.ams3.cdn.digitaloceanspaces.com/products/products/923720%20GUCCI%20WA05LU_6.jpg | https://trivesa.ams3.cdn.digitaloceanspaces.com/products/products/923720%20GUCCI%20WA05LU_7.jpg | https://trivesa.ams3.cdn.digitaloceanspaces.com/products/products/923720%20GUCCI%20WA05LU_8.jpg | https://trivesa.ams3.cdn.digitaloceanspaces.com/products/products/923720%20GUCCI%20WA05LU_2.jpg | https://trivesa.ams3.cdn.digitaloceanspaces.com/products/products/923720%20GUCCI%20WA05LU_3.jpg,是,pattern_and_analysis,90.0%,否,2025-09-06 19:14:38,products
923721 GUCCI WA05LU,5,https://trivesa.ams3.cdn.digitaloceanspaces.com/products/products/923721%20GUCCI%20WA05LU_4.jpg,https://trivesa.ams3.cdn.digitaloceanspaces.com/products/products/923721%20GUCCI%20WA05LU_5.jpg | https://trivesa.ams3.cdn.digitaloceanspaces.com/products/products/923721%20GUCCI%20WA05LU_6.jpg | https://trivesa.ams3.cdn.digitaloceanspaces.com/products/products/923721%20GUCCI%20WA05LU_2.jpg | https://trivesa.ams3.cdn.digitaloceanspaces.com/products/products/923721%20GUCCI%20WA05LU_3.jpg,https://trivesa.ams3.cdn.digitaloceanspaces.com/products/products/923721%20GUCCI%20WA05LU_4.jpg | https://trivesa.ams3.cdn.digitaloceanspaces.com/products/products/923721%20GUCCI%20WA05LU_5.jpg | https://trivesa.ams3.cdn.digitaloceanspaces.com/products/products/923721%20GUCCI%20WA05LU_6.jpg | https://trivesa.ams3.cdn.digitaloceanspaces.com/products/products/923721%20GUCCI%20WA05LU_2.jpg | https://trivesa.ams3.cdn.digitaloceanspaces.com/products/products/923721%20GUCCI%20WA05LU_3.jpg,是,pattern_and_analysis,90.0%,否,2025-09-06 19:14:38,products
